"title","url","description","displayedUrl","emphasizedKeywords","siteLinks","date","productInfo","personalInfo","leadsEnrichment","averageRating","channelName","commentsAmount","emphasizedKeywords/0","emphasizedKeywords/1","emphasizedKeywords/2","emphasizedKeywords/3","emphasizedKeywords/4","emphasizedKeywords/5","emphasizedKeywords/6","followersAmount","lastUpdated","likes","numberOfReviews","personalInfo/companyName","personalInfo/jobTitle","personalInfo/location","personalInfo/rawText","position","reactions","reelLength","type","views"
"The Importance of Market Segmentation | LOCOMOTIVE","https://locomotive.agency/eu/blog/importance-of-market-segmentation/","Learn how market segmentation drives relevance, improves strategy, and strengthens customer experience across marketing, product, sales, ...","https://locomotive.agency › blog › importance-of-marke...",,,"2025-07-14T12:00:00.000Z",,,,,,,"market segmentation drives relevance",,,,,,,,,,,,,,,"1",,,"organic",
"Market Segmentation: Definitions, Examples, and Types","https://www.surveymonkey.com/learn/market-research/market-segmentation/","Market segmentation is the process of dividing a broad market into smaller groups of customers that share meaningful characteristics, such as demographics, ...Read more","https://www.surveymonkey.com › learn › market-research",,,,,,,,,,"segmentation",,,,,,,,,,,,,,,"2",,,"organic",
"11 Types of Market Segmentation Strategies for GTM ...","https://www.demandbase.com/faq/types-of-market-segmentation/","Market segmentation — identifying unique subsets within your target market — helps you deliver more valuable and relevant messaging, empowering you to boost ...Read more","https://www.demandbase.com › faq › types-of-market-seg...",,,,,,,,,,"identifying unique subsets within your target market",,,,,,,,,,,,,,,"3",,,"organic",
"What is Market Segmentation? A Guide","https://www.salesforce.com/marketing/segmentation/","Marketing segmentation is when you tailor marketing campaigns to specific audiences to improve conversion rates & customer satisfaction. Get started here.","https://www.salesforce.com › marketing › segmentation",,,,,,,,,,"tailor marketing campaigns to specific audiences",,,,,,,,,,,,,,,"4",,,"organic",
"Market Segmentation Guide: Types, Process & Common ...","https://www.competitiveintelligencealliance.io/what-is-market-segmentation/","By segmenting potential customers into groups that share similar characteristics, you can identify groups to target further down the line.Read more","https://www.competitiveintelligencealliance.io › what-is-m...",,,"2025-09-30T12:00:00.000Z",,,,,,,,,,,,,,,,,,,,,,"5",,,"organic",
"Demographic Segmentation: Definition, Types, and ...","https://www.braze.com/resources/articles/demographic-segmentation","Dynamic updates keep segmentation relevant by using live signals to move people into the right audience when behavior changes, then move them ...Read more","https://www.braze.com › Resources › Blog",,,"2026-01-30T12:00:00.000Z",,,,,,,"live signals",,,,,,,,,,,,,,,"6",,,"organic",
"Industrial market segmentation","https://en.wikipedia.org/wiki/Industrial_market_segmentation","Industrial market segmentation is a scheme for categorizing industrial and business customers to guide strategic and tactical decision-making.Read more","https://en.wikipedia.org › wiki › Industrial_market_seg...",,,,,,,,,,"Industrial market segmentation",,,,,,,,,,,,,,,"7",,,"organic",
"Segmentation in Marketing Automation | Position²","https://www.position2.com/blog/segmentation-in-marketing-automation/","Segmentation in marketing automation is dividing a target audience into distinct groups or segments based on specific characteristics, behaviors ...Read more","https://www.position2.com › blog › segmentation-in-ma...",,,"2023-12-29T12:00:00.000Z",,,,,,,"dividing a target audience into distinct groups or segments",,,,,,,,,,,,,,,"8",,,"organic",
"What is market segmentation? Discover benefits and ...","https://www.kameleoon.com/blog/market-segmentation","A relevant segment is one that directly supports your current growth strategy, whether it's driving revenue, increasing retention, or expanding ...Read more","https://www.kameleoon.com › blog › market-segmentati...",,,"2018-09-21T12:00:00.000Z",,,,,,,"one that directly supports your current growth strategy",,,,,,,,,,,,,,,"9",,,"organic",
"6 Benefits of Segmentation in Marketing","https://pixis.ai/blog/benefits-of-segmentation-in-marketing/","Discover how audience segmentation enables precise targeting, personalizes messaging, and improves ROI through AI-driven strategies.​","https://pixis.ai › blog › benefits-of-segmentation-in-mar...",,,"2025-02-21T12:00:00.000Z",,,,,,,"audience segmentation enables precise targeting",,,,,,,,,,,,,,,"10",,,"organic",
"The benefits of market segmentation and how to use ... - Clusters","https://clusters.uk.com/articles/the-benefits-of-market-segmentation-and-how-to-use-it-for-your-business/","Improved customer understanding. By segmenting your market, you can gain a deeper understanding of your customers' preferences and needs. · More ...Read more","https://clusters.uk.com › articles › the-benefits-of-marke...",,,"2024-12-06T12:00:00.000Z",,,,,,,"Improved customer understanding",,,,,,,,,,,,,,,"11",,,"organic",
"THE IMPORTANCE OF MARKET SEGMENTATION FOR ...","https://iaeme.com/MasterAdmin/Journal_uploads/IJM/VOLUME_14_ISSUE_1/IJM_14_01_002.pdf","ABSTRACT. The aim of this study is to analyze geographical segmentation partially affecting marketing performance. Demographic segmentation partially ...Read more","https://iaeme.com › IJM › IJM_14_01_002",,,,,,,,,,"segmentation","segmentation",,,,,,,,,,,,,,"12",,,"organic",
"What is Market Segmentation? A Guide","https://www.salesforce.com/marketing/segmentation/","Marketing segmentation is when you tailor marketing campaigns to specific audiences to improve conversion rates & customer satisfaction. Get started here.","https://www.salesforce.com › marketing › segmentation",,,,,,,,,,"tailor marketing campaigns to specific audiences",,,,,,,,,,,,,,,"13",,,"organic",
"Master Market Segmentation for Enhanced Profitability and ...","https://www.investopedia.com/ask/answers/061615/what-are-some-examples-businesses-use-market-segmentation.asp","Market segmentation identifies profitable customer groups and informs pricing, distribution, and product development. Demographics are less effective than ...Read more","https://www.investopedia.com › ... › Marketing Essentials",,,,,,,,,,"identifies profitable customer groups",,,,,,,,,,,,,,,"14",,,"organic",
"20 Marketing Segmentation Examples to Inspire You","https://www.actito.com/en-BE/blog/segmentation-marketing-examples/","In this article, we will explore marketing segmentation examples to inspire you and help you better target your customers.Read more","https://www.actito.com › en-BE › blog › segmentation-m...",,,,,,,,,,"marketing segmentation examples",,,,,,,,,,,,,,,"15",,,"organic",
"Customer Segmentation Analysis: Definition & Methods","https://www.qualtrics.com/articles/strategy-research/customer-segmentation/","Customer segmentation is the process by which you divide your customers up based on common characteristics – such as demographics or behaviors, ...Read more","https://www.qualtrics.com › ... › Strategy and Research",,,"2020-07-29T12:00:00.000Z",,,,,,,"Customer segmentation",,,,,,,,,,,,,,,"16",,,"organic",
"An overview of industrial image segmentation using deep ...","https://www.oaepublish.com/articles/ir.2025.09","by G Wang · 2025 · Cited by 18 — Image segmentation plays a vital role in artificial intelligence and computer vision with major applications such as industrial picking, defect detection, ...Read more","https://www.oaepublish.com › articles",,,,,,,,,,"segmentation","industrial",,,,,,,,,,,,,"by G Wang · 2025 · Cited by 18 — Image segmentation plays a vital role in artificial intelligence and computer vision with major applications such as industrial picking, defect detection, ...Read more","17",,,"organic",
"Geo-Marketing Segmentation with Deep Learning","https://www.mdpi.com/2673-7116/1/1/5","by O Benbrahim Ansari · 2021 · Cited by 20 — The purpose of this paper is to perform a market segmentation by using unsupervised deep learning with self-organizing maps in the B2B industrial automation ...Read more","https://www.mdpi.com › ...",,,,,,,,,,"segmentation","industrial",,,,,,,,,,,,,"by O Benbrahim Ansari · 2021 · Cited by 20 — The purpose of this paper is to perform a market segmentation by using unsupervised deep learning with self-organizing maps in the B2B industrial automation ...Read more","18",,,"organic",
"Customer segmentation advantages in the telecom industry","https://tasil.com/insights/segmentation-advantages-in-telecom/","Boosting customer experience to make marketing more effective is one of the key segmentation advantages in telecom.","https://tasil.com › insights › segmentation-advantages-in...",,,"2021-06-30T12:00:00.000Z",,,,,,,"Boosting customer experience",,,,,,,,,,,,,,,"19",,,"organic",
"(a) Signal segmentation, feature extraction, and ...","https://www.researchgate.net/figure/a-Signal-segmentation-feature-extraction-and-classification-process-b-The-block_fig2_241347660","This paper provides a statistical analysis method for detecting and discriminating different seismic activity sources such as humans, animals, and vehicles ...Read more","https://www.researchgate.net › figure › a-Signal-segme...",,,,,,,,,,,,,,,,,,,,,,,,,"20",,,"organic",
"Customer profiling, segmentation, and sales prediction using ...","https://link.springer.com/article/10.1007/s00521-023-09339-6","by MSE Kasem · 2024 · Cited by 180 — RFM segmentation is widely used in the direct mail industry to rank customers based on their purchasing history, considering recency ...Read more","https://link.springer.com › article",,,,,,,,,,"segmentation","used","industry",,,,,,,,,,,,"by MSE Kasem · 2024 · Cited by 180 — RFM segmentation is widely used in the direct mail industry to rank customers based on their purchasing history, considering recency ...Read more","21",,,"organic",
"A Successful Approach to Segmenting Industrial Markets","https://www.emerald.com/plr/article-pdf/20/6/4/2082531/eb054386.pdf","by TS Robertson · 1992 · Cited by 53 — A Tactical and Strategic System. Our segmentation approach is actionable at the account management level. It can be used easily and effectively by the sales ...Read more","https://www.emerald.com › plr › article-pdf",,,,,,,,,,"segmentation","used",,,,,,,,,,,,,"by TS Robertson · 1992 · Cited by 53 — A Tactical and Strategic System. Our segmentation approach is actionable at the account management level. It can be used easily and effectively by the sales ...Read more","22",,,"organic",
"Importance-Induced Customer Segmentation Using ...","https://asmedigitalcollection.asme.org/mechanicaldesign/article/147/4/044501/1206965/Importance-Induced-Customer-Segmentation-Using","Customer segmentation has been extensively studied in both industry and academia since 1950s [20] due to its practical significance. Approaches to customer ...Read more","https://asmedigitalcollection.asme.org › article › Import...",,,,,,,,,,"segmentation","industry",,,,,,,,,,,,,,"23",,,"organic",
"Segmentation in Digital Signal Processing","https://www.irjet.net/archives/V7/i1/IRJET-V7I1204.pdf","Audio segmentation and classification have many applications. Content-based audio classification and retrieval are mostly used in entertainment industry, audio ...Read more","https://www.irjet.net › archives",,,,,,,,,,"segmentation","used","industry",,,,,,,,,,,,,"24",,,"organic",
"What Is Network Segmentation? - Cisco","https://www.cisco.com/site/us/en/learn/topics/security/what-is-network-segmentation.html","Segmentation helps organizations improve security, increase performance, and meet compliance requirements by controlling communication between infrastructure ...Read more","https://www.cisco.com › Learn › Topics",,,,,,,,,,"Segmentation",,,,,,,,,,,,,,,"25",,,"organic",
"Meta Andromeda: Supercharging Advantage+ automation ...","https://engineering.fb.com/2024/12/02/production-engineering/meta-andromeda-advantage-automation-next-gen-personalized-ads-retrieval-engine/","This stage is tasked with selecting ads from tens of millions of ad candidates into a few thousand relevant ad candidates. In the following ...Read more","https://engineering.fb.com › production-engineering › m...",,,"2024-12-02T12:00:00.000Z",,,,,,,"relevant",,,,,,,,,,,,,,,"26",,,"organic",
"Software for signal segmentation and extraction of informative ...","https://utotc.technologypublisher.com/technology/51376","... industry into the “Angstrom Era”. Advancements in ... These data contain useful information regarding various aspects of manufacturing and can be used ...Read more","https://utotc.technologypublisher.com › technology",,,,,,,,,,"industry","useful","used",,,,,,,,,,,,,"27",,,"organic",
"About audience segments - Google Ads Help","https://support.google.com/google-ads/answer/2497941?hl=en","... signals or based on only contextual signals. When an advertiser leverages an affinity audience segment where personalized advertising is not permitted, we ...Read more","https://support.google.com › google-ads › answer",,,,,,,,,,"signals","signals","segment",,,,,,,,,,,,,"28",,,"organic",
"Exploring Applications of SemanticSegmentation","https://keylabs.ai/blog/exploring-applications-of-semanticsegmentation/","Semantic segmentation in the fashion industry and e-commerce platforms enhances clothing recognition and recommendation systems by accurately ...Read more","https://keylabs.ai › blog › exploring-applications-of-se...",,,"2024-02-29T12:00:00.000Z",,,,,,,"segmentation","industry",,,,,,,,,,,,,,"29",,,"organic",
"Usage-Based Segmentation Can Create Value in ...","https://rmi.org/blog_2016_06_13_usage_based_segmentation_can_create_value_in_electricity_markets/","In the past, sector- or income-based customer labels were used for ... signals in rates. Customers expect two-way communication from ...Read more","https://rmi.org › blog_2016_06_13_usage_based_segm...",,,"2016-06-13T12:00:00.000Z",,,,,,,"sector","used","signals",,,,,,,,,,,,,"30",,,"organic",
"Software for signal segmentation and extraction of informative ...","https://utotc.technologypublisher.com/technology/51376","These data contain useful information regarding various aspects of manufacturing and can be used for multiple purposes, including tool matching, process ...Read more","https://utotc.technologypublisher.com › technology",,,,,,,,,,"useful","used",,,,,,,,,,,,,,"31",,,"organic",
"What Is Network Segmentation? - Cisco","https://www.cisco.com/site/us/en/learn/topics/security/what-is-network-segmentation.html","Segmentation helps organizations improve security, increase performance, and meet compliance requirements by controlling communication between infrastructure ...Read more","https://www.cisco.com › Learn › Topics",,,,,,,,,,"Segmentation",,,,,,,,,,,,,,,"32",,,"organic",
"A Successful Approach to Segmenting Industrial Markets","https://www.emerald.com/plr/article-pdf/20/6/4/2082531/eb054386.pdf","by TS Robertson · 1992 · Cited by 53 — The real value of any segmentation approach depends on its ability to separate potential buyers by the benefits they're seeking. If different benefit profiles ...Read more","https://www.emerald.com › plr › article-pdf",,,,,,,,,,"segmentation",,,,,,,,,,,,,,"by TS Robertson · 1992 · Cited by 53 — The real value of any segmentation approach depends on its ability to separate potential buyers by the benefits they're seeking. If different benefit profiles ...Read more","33",,,"organic",
"Image Segmentation: Techniques and Applications","https://www.geeksforgeeks.org/computer-vision/image-segmentation-techniques-and-applications/","This technique is widely used in applications such as medical imaging, object detection, autonomous driving and image editing. By classifying ...Read more","https://www.geeksforgeeks.org › computer-vision › ima...",,,"2025-11-06T12:00:00.000Z",,,,,,,"used",,,,,,,,,,,,,,,"34",,,"organic",
"What is Network Segmentation? A Complete Guide","https://www.splunk.com/en_us/blog/learn/network-segmentation.html","Network segmentation is an important component of network architecture. It divides a larger network into smaller, isolated segments or subnets.Read more","https://www.splunk.com › en_us › blog › learn › netwo...",,,"2024-11-22T12:00:00.000Z",,,,,,,"segmentation",,,,,,,,,,,,,,,"35",,,"organic",
"Image segmentation","https://en.wikipedia.org/wiki/Image_segmentation","Several popular methods are used in industry including the maximum entropy method, balanced histogram thresholding, Otsu's method (maximum variance), and k- ...Read more","https://en.wikipedia.org › wiki › Image_segmentation",,,,,,,,,,"used","industry",,,,,,,,,,,,,,"36",,,"organic",
"Usage-Based Segmentation Can Create Value in ...","https://rmi.org/blog_2016_06_13_usage_based_segmentation_can_create_value_in_electricity_markets/","Usage-based segmentation divides customers into groups based on their actual patterns of energy use, helping DER providers and utilities to do a ...Read more","https://rmi.org › blog_2016_06_13_usage_based_segm...",,,"2016-06-13T12:00:00.000Z",,,,,,,"segmentation",,,,,,,,,,,,,,,"37",,,"organic",
"Modernize your Processes with Innovation Segmentation ...","https://praxie.com/innovation-segmentation-models/","Innovation segmentation models play a critical role in the manufacturing industry. They help pinpoint specific market needs, identify growth opportunities, and ...Read more","https://praxie.com › Innovation",,,,,,,,,,"They help pinpoint specific market needs",,,,,,,,,,,,,,,"38",,,"organic",
"Segmentation: Identification, intuition, and implementation","https://www.sciencedirect.com/science/article/abs/pii/S0019850103001470","by RA Palmer · 2004 · Cited by 143 — This paper concerns the implementation of segmentation within a business-to-business organisation. There is wide agreement that segmentation is a fundamental ...Read more","https://www.sciencedirect.com › article › abs › pii",,,,,,,,,,"segmentation","segmentation",,,,,,,,,,,,,"by RA Palmer · 2004 · Cited by 143 — This paper concerns the implementation of segmentation within a business-to-business organisation. There is wide agreement that segmentation is a fundamental ...Read more","39",,,"organic",
"About audience segments - Google Ads Help","https://support.google.com/google-ads/answer/2497941?hl=en","Audiences are made up of segments, or groups of people with specific interests, intents, and demographic information, as estimated by Google.Read more","https://support.google.com › google-ads › answer",,,,,,,,,,,,,,,,,,,,,,,,,"40",,,"organic",
"(a) Signal segmentation, feature extraction, and ...","https://www.researchgate.net/figure/a-Signal-segmentation-feature-extraction-and-classification-process-b-The-block_fig2_241347660","CRREL/ERDC used standard omni-directional 4.5 Hz peak-resonance geophones for recording the seismic signal [4] and utilized FFT, Cepstrum, and statistical ...Read more","https://www.researchgate.net › figure › a-Signal-segme...",,,,,,,,,,"used","signal",,,,,,,,,,,,,,"41",,,"organic",
"An Improved Signal Segmentation Using Moving Average and ...","https://file.scirp.org/Html/6-3400139_17638.htm","The purpose of the segmentation signal is dividing a signal to several epochs with the same statistical characteristics such as amplitude and frequency [2, 3].Read more","https://file.scirp.org › Html",,,,,,,,,,"segmentation signal","signal",,,,,,,,,,,,,,"42",,,"organic",
"What is Next Best Action? A Complete Guide","https://www.pega.com/next-best-action","... signals, they ensure every decision is timely, relevant, and accurate. ... segmentation, prioritization, and communication channels. Frequently Asked ...Read more","https://www.pega.com › next-best-action",,,,,,,,,,"signals","relevant","segmentation",,,,,,,,,,,,,"43",,,"organic",
"Targeted Email Campaigns: Strategies to Drive Conversions","https://monday.com/blog/monday-campaigns/targeted-email-campaigns/","Behavioral targeting lets you respond to these signals with relevant messages. 3. Lifecycle stage segmentation. Map content to where ...Read more","https://monday.com › Home › monday campaigns",,,"2026-02-26T08:00:10.787Z",,,,,,,"signals","relevant","segmentation",,,,,,,,,,,,,"44",,,"organic",
"What Are Signals? A Simple Breakdown of Signal Analytics ...","https://www.mergeyourdata.com/blog/what-are-signals-a-simple-breakdown-of-signal-analytics-for-better-business-results","Marketing signals range from weak to strong and top-of-the-funnel to bottom-of-the-funnel. Some signals are easy to measure digitally—like ...Read more","https://www.mergeyourdata.com › blog › what-are-sign...",,,"2024-12-30T12:00:00.000Z",,,,,,,"signals","signals",,,,,,,,,,,,,,"45",,,"organic",
"Signal & Image Processing","https://ece.ucsd.edu/faculty-research/ece-research-areas/signal-image-processing","... useful for a specific purpose. The signals might be speech, audio, images ... Current research in digital signal processing includes robust and low ...Read more","https://ece.ucsd.edu › faculty-research › ece-research-areas",,,,,,,,,,"useful","signals","research","signal",,,,,,,,,,,,"46",,,"organic",
"Anomaly Detection Using Signal Segmentation and One ...","https://www.mdpi.com/1424-8220/21/11/3880","by K Chang · 2021 · Cited by 18 — This study was conducted using data from the diffusion process used in semiconductor manufacturing. The data collected from the sensors are a ...Read more","https://www.mdpi.com › ...",,,,,,,,,,"used",,,,,,,,,,,,,,"by K Chang · 2021 · Cited by 18 — This study was conducted using data from the diffusion process used in semiconductor manufacturing. The data collected from the sensors are a ...Read more","47",,,"organic",
"ConsumerSignals: Consumer spending behavior","https://www.deloitte.com/us/en/insights/industry/retail-distribution/consumer-behavior-trends-state-of-the-consumer-tracker.html","in its fourth year, ConsumerSignals provides a view into consumers' everyday finances and the spending strategies being used to navigate an unpredictable ...Read more","https://www.deloitte.com › industry › retail-distribution",,,"2026-02-26T19:00:10.886Z",,,,,,,"ConsumerSignals","used",,,,,,,,,,,,,,"48",,,"organic",
"Strategies for Customer Segmentation | Utility Market ...","https://www.youtube.com/watch?v=0yglTCGWbNk","... research shows that 74% of customers feel frustrated when content is not relevant to their interests, and 91% of consumers are more likely ...","YouTube › Questline Digital: Marketing Agency for Utilities",,,,,,,,,,,,,,,,,,"3 years ago",,,,,,,"49",,,"organic","350+ views"
"What Is Semantic Segmentation and How Does It Work?","https://www.coursera.org/articles/semantic-segmentation","Semantic segmentation identifies, classifies, and labels each pixel within a digital image. Pixels are labeled according to the semantic features they have in ...Read more","https://www.coursera.org › articles › semantic-segmenta...",,,"2026-01-31T12:00:00.000Z",,,,,,,"segmentation",,,,,,,,,,,,,,,"50",,,"organic",
"Digital Image Processing, 4e","https://www.cl72.org/090imagePLib/books/Gonzales,Woods-Digital.Image.Processing.4th.Edition.pdf","Segmentation by Region Growing and by Region Splitting and. Merging 764. Region ... be used as the basis for further study and research in this field. To ...Read more","https://www.cl72.org › books",,,,,,,,,,"Segmentation","used","research",,,,,,,,,,,,,"51",,,"organic",
"Techniques and Challenges of Image Segmentation","https://www.mdpi.com/2079-9292/12/5/1199","by Y Yu · 2023 · Cited by 431 — In the actual industrial production, a thresholding gradient is usually used in the case of high real-time requirement. On the contrary, the more advanced Canny ...Read more","https://www.mdpi.com › ...",,,,,,,,,,"industrial","used",,,,,,,,,,,,,"by Y Yu · 2023 · Cited by 431 — In the actual industrial production, a thresholding gradient is usually used in the case of high real-time requirement. On the contrary, the more advanced Canny ...Read more","52",,,"organic",
"A Good Signal: How Firms Can Utilize Country of Origin as ...","https://journals.sagepub.com/doi/10.1177/1069031X241254038","by RU Rahman · 2024 · Cited by 15 — 2017). This lack of knowledge about relevant metrics prevents firms from using consumer data effectively to tailor their marketing mix according to high- versus ...Read more","https://journals.sagepub.com › doi",,,,,,,,,,"relevant",,,,,,,,,,,,,,"by RU Rahman · 2024 · Cited by 15 — 2017). This lack of knowledge about relevant metrics prevents firms from using consumer data effectively to tailor their marketing mix according to high- versus ...Read more","53",,,"organic",
"Driving Forward:Semantic Segmentation in Autonomous ...","https://keylabs.ai/blog/driving-forward-semantic-segmentation-in-autonomous-vehicles/","Visual signal processing techniques extract useful information from ... As the industry progresses, the seamless integration of semantic ...Read more","https://keylabs.ai › blog › driving-forward-semantic-seg...",,,"2024-03-04T12:00:00.000Z",,,,,,,"signal","useful","industry",,,,,,,,,,,,,"54",,,"organic",
"A Data Scientist's Guide to Signal Processing","https://www.datacamp.com/tutorial/a-data-scientists-guide-to-signal-processing","This type of filter is useful in applications where specific frequency ranges contain relevant information. ... industrial automation. It ...Read more","https://www.datacamp.com › Tutorials › Data Science",,,"2023-08-11T12:00:00.000Z",,,,,,,"useful","relevant","industrial",,,,,,,,,,,,,"55",,,"organic",
"About audience signals for Performance Max campaigns","https://support.google.com/google-ads/answer/14530785?hl=en","Note: Performance Max may show ads to relevant audiences outside of your signals if they have a strong likelihood of converting to help you meet your ...Read more","https://support.google.com › google-ads › answer",,,,,,,,,,"relevant","signals",,,,,,,,,,,,,,"56",,,"organic",
"Semantic Segmentation: The Key to Industrial Efficiency","https://deeplobe.ai/semantic-segmentation-the-key-to-industrial-efficiency/","This segmentation is a great tool for the manufacturing industry. As it enables manufacturers to improve product quality, control operations, ...Read more","https://deeplobe.ai › semantic-segmentation-the-key-to-in...",,,"2023-03-16T12:00:00.000Z",,,,,,,"segmentation","industry",,,,,,,,,,,,,,"57",,,"organic",
"Meta Andromeda: Supercharging Advantage+ automation ...","https://engineering.fb.com/2024/12/02/production-engineering/meta-andromeda-advantage-automation-next-gen-personalized-ads-retrieval-engine/","This stage is tasked with selecting ads from tens of millions of ad candidates into a few thousand relevant ad candidates. In the following ...Read more","https://engineering.fb.com › production-engineering › m...",,,"2024-12-02T12:00:00.000Z",,,,,,,"relevant",,,,,,,,,,,,,,,"58",,,"organic",
"An Improved Signal Segmentation Using Moving Average and ...","https://file.scirp.org/Html/6-3400139_17638.htm","The purpose of the segmentation signal is dividing a signal to several epochs with the same statistical characteristics such as amplitude and frequency [2, 3].Read more","https://file.scirp.org › Html",,,,,,,,,,"segmentation signal","signal",,,,,,,,,,,,,,"59",,,"organic",
"Why Enhancing Industry Segmentation is Critical for Better ...","https://blog.leonardo.com.au/why-enhancing-industry-segmentation-with-personas-is-critical-for-achieving-better-regulatory-outcomes","Whilst segmentation is a step in the right direction, it is an approach that has limitations, particularly as markets and industries are ...Read more","https://blog.leonardo.com.au › why-enhancing-industry-...",,,"2022-07-14T12:00:00.000Z",,,,,,,"segmentation",,,,,,,,,,,,,,,"60",,,"organic",
"Market Segmentation: Best Practices & Benefits [2024]","https://www.jaroeducation.com/blog/guide-to-market-segmentation","Firmographic segmentation involves analyzing and categorizing potential customers based on characteristics such as industry, company size, ...Read more","https://www.jaroeducation.com › blog",,,"2025-09-05T12:00:00.000Z",,,,,,,"segmentation","industry",,,,,,,,,,,,,,"61",,,"organic",
"Strategies for Customer Segmentation | Utility Market ...","https://www.youtube.com/watch?v=0yglTCGWbNk","... research shows that 74% of customers feel frustrated when content is not relevant to their interests, and 91% of consumers are more likely ...","YouTube › Questline Digital: Marketing Agency for Utilities",,,,,,,,,,,,,,,,,,"3 years ago",,,,,,,"62",,,"organic","350+ views"
"An Improved Signal Segmentation Using Moving Average and ...","https://file.scirp.org/Html/6-3400139_17638.htm","The purpose of the segmentation signal is dividing a signal to several epochs with the same statistical characteristics such as amplitude and frequency [2, 3].Read more","https://file.scirp.org › Html",,,,,,,,,,"segmentation signal","signal",,,,,,,,,,,,,,"63",,,"organic",
"How can you segment customers by industry vertical?","https://www.linkedin.com/advice/0/how-can-you-segment-customers-industry-vertical-skills-it-sales","12 Sept 2023 — Industry vertical segmentation is important for IT sales because it helps you to understand your customers' pain points and goals, differentiate ...Read more","https://www.linkedin.com › All › Sales › IT Sales",,,"2023-09-12T12:00:00.000Z",,,,,,,"Industry","segmentation",,,,,,,,,,,,,,"64",,,"organic",
"What Are Signals? A Simple Breakdown of Signal Analytics ...","https://www.mergeyourdata.com/blog/what-are-signals-a-simple-breakdown-of-signal-analytics-for-better-business-results","Marketing signals range from weak to strong and top-of-the-funnel to bottom-of-the-funnel. Some signals are easy to measure digitally—like ...Read more","https://www.mergeyourdata.com › blog › what-are-sign...",,,"2024-12-30T12:00:00.000Z",,,,,,,"signals","signals",,,,,,,,,,,,,,"65",,,"organic",
"Signal & Image Processing","https://ece.ucsd.edu/faculty-research/ece-research-areas/signal-image-processing","... useful for a specific purpose. The signals might be speech, audio, images ... Current research in digital signal processing includes robust and low ...Read more","https://ece.ucsd.edu › faculty-research › ece-research-areas",,,,,,,,,,"useful","signals","research","signal",,,,,,,,,,,,"66",,,"organic",
"Anomaly Detection Using Signal Segmentation and One ...","https://www.mdpi.com/1424-8220/21/11/3880","by K Chang · 2021 · Cited by 18 — This study was conducted using data from the diffusion process used in semiconductor manufacturing. The data collected from the sensors are a ...Read more","https://www.mdpi.com › ...",,,,,,,,,,"used",,,,,,,,,,,,,,"by K Chang · 2021 · Cited by 18 — This study was conducted using data from the diffusion process used in semiconductor manufacturing. The data collected from the sensors are a ...Read more","67",,,"organic",
"Why Enhancing Industry Segmentation is Critical for Better ...","https://blog.leonardo.com.au/why-enhancing-industry-segmentation-with-personas-is-critical-for-achieving-better-regulatory-outcomes","Whilst segmentation is a step in the right direction, it is an approach that has limitations, particularly as markets and industries are ...Read more","https://blog.leonardo.com.au › why-enhancing-industry-...",,,"2022-07-14T12:00:00.000Z",,,,,,,"segmentation",,,,,,,,,,,,,,,"68",,,"organic",
"What is Next Best Action? A Complete Guide","https://www.pega.com/next-best-action","... signals, they ensure every decision is timely, relevant, and accurate. ... segmentation, prioritization, and communication channels. Frequently Asked ...Read more","https://www.pega.com › next-best-action",,,,,,,,,,"signals","relevant","segmentation",,,,,,,,,,,,,"69",,,"organic",
"What Is Semantic Segmentation and How Does It Work?","https://www.coursera.org/articles/semantic-segmentation","Semantic segmentation identifies, classifies, and labels each pixel within a digital image. Pixels are labeled according to the semantic features they have in ...Read more","https://www.coursera.org › articles › semantic-segmenta...",,,"2026-01-31T12:00:00.000Z",,,,,,,"segmentation",,,,,,,,,,,,,,,"70",,,"organic",
"Personalisation at Scale","https://www.impactonnet.com/impact-stories/personalisation-at-scale-13521.html","According to marketers working with AI, segmentation, predictive analytics, and optimisation of real-time engagement have been improved. However ...Read more","https://www.impactonnet.com › Home › IMPACT Stories",,,"2026-02-26T12:00:21.686Z",,,,,,,"segmentation",,,,,,,,,,,,,,,"71",,,"organic",
"Reinforcement Learning Market Size | Industry Report, 2033","https://www.grandviewresearch.com/industry-analysis/reinforcement-learning-market-report","It is widely used to fine-tune foundation models after their initial training phase. This process improves contextual understanding and response relevance.Read more","https://www.grandviewresearch.com › industry-analysis",,,,,,,,,,"used","relevance",,,,,,,,,,,,,,"72",,,"organic",
"Market Segmentation (With Real World Examples) | From A ...","https://www.youtube.com/watch?v=IrJ1cNIfmsk","... good value for money. When thinking about Toyota, people think of durability, quality, safety, and reliability. In contrast, Mercedes Benz ...","YouTube › Business School 101",,,,,,,,,,,,,,,,,,"3 years ago",,,,,,,"73",,,"organic","2.7L+ views"
"Apply robust segmentation to the service industry using ...","https://www.sciencedirect.com/science/article/abs/pii/S0957417410004537","by CH Wang · 2010 · Cited by 70 — With proper market segmentation, companies can put the right products or services to a targeted customer group and hence improve the efficiency of their ...Read more","https://www.sciencedirect.com › article › abs › pii",,,,,,,,,,"segmentation",,,,,,,,,,,,,,"by CH Wang · 2010 · Cited by 70 — With proper market segmentation, companies can put the right products or services to a targeted customer group and hence improve the efficiency of their ...Read more","74",,,"organic",
"Anomaly Detection for Industrial Applications, Its ...","https://arxiv.org/html/2501.11310v1","Another widely used image preprocessing algorithm is wavelet transform. This technique precedes thresholding and segregates the signal (image) ...Read more","https://arxiv.org › html",,,"2025-01-20T12:00:00.000Z",,,,,,,"used","signal",,,,,,,,,,,,,,"75",,,"organic",
"Region-based Convolutional Neural Networks (R-CNN ...","https://journals.plos.org/plosone/article?id=10.1371/journal.pone.0342185","by P Devadas · 2026 — ... used systematically before segmentation and feature extraction. Such methods ... Peak Signal-to-Noise Ratio (PSNR) is used to determine the quality of ...Read more","https://journals.plos.org › plosone › article › journal.po...",,,,,,,,,,"used","segmentation","Signal","used",,,,,,,,,,,"by P Devadas · 2026 — ... used systematically before segmentation and feature extraction. Such methods ... Peak Signal-to-Noise Ratio (PSNR) is used to determine the quality of ...Read more","76",,,"organic",
"NVIDIA Brings AI-Powered Cybersecurity to World's Critical ...","https://blogs.nvidia.com/blog/ai-cybersecurity-operational-technology-industrial-control-systems/","industry automation expertise into one robust IT/OT platform. The ... Extends Segmentation to OT and ICS With NVIDIA. Akamai ...Read more","https://blogs.nvidia.com › blog › ai-cybersecurity-operati...",,,"2026-02-23T19:00:21.700Z",,,,,,,"industry","Segmentation",,,,,,,,,,,,,,"77",,,"organic",
"(a) Signal segmentation, feature extraction, and ...","https://www.researchgate.net/figure/a-Signal-segmentation-feature-extraction-and-classification-process-b-The-block_fig2_241347660","CRREL/ERDC used standard omni-directional 4.5 Hz peak-resonance geophones for recording the seismic signal [4] and utilized FFT, Cepstrum, and statistical ...Read more","https://www.researchgate.net › figure › a-Signal-segme...",,,,,,,,,,"used","signal",,,,,,,,,,,,,,"78",,,"organic",
"Best Practices for Industrial Network Segmentation","https://www.linkedin.com/pulse/best-practices-industrial-network-segmentation-trustindigital-9wb6e","If we don't understand the criticality and function of each system in the chain, segmentation can negatively impact availability and even safety ...Read more","LinkedIn",,,,,,,,,,"segmentation",,,,,,,,,,,,,,,"79",,,"organic",
"Digital Image Processing, 4e","https://www.cl72.org/090imagePLib/books/Gonzales,Woods-Digital.Image.Processing.4th.Edition.pdf","Segmentation by Region Growing and by Region Splitting and. Merging 764. Region ... be used as the basis for further study and research in this field. To ...Read more","https://www.cl72.org › books",,,,,,,,,,"Segmentation","used","research",,,,,,,,,,,,,"80",,,"organic",
"Wiland™ Launches TravelSignals™ to Transform Travel ...","https://www.businesswire.com/news/home/20260225597342/en/Wiland-Launches-TravelSignals-to-Transform-Travel-Marketing-with-Predictive-Consumer-Intelligence","NIWOT, Colo.--(BUSINESS WIRE)--Wiland launches MarketSignals Custom Personas—a custom, spend-based segmentation solution to help marketers find, ...Read more","https://www.businesswire.com › news › home › Wiland-...",,,"2026-02-25T19:00:24.193Z",,,,,,,"MarketSignals","segmentation",,,,,,,,,,,,,,"81",,,"organic",
"Research on Segmentation and Classification of Heart ...","https://www.mdpi.com/2076-3417/11/2/651","by Y He · 2021 · Cited by 75 — Research on the heart sound signal contributes to the early diagnosis and prevention of cardiovascular diseases. As a commonly used deep learning network, ...Read more","https://www.mdpi.com › ...",,,,,,,,,,"Research","signal","used",,,,,,,,,,,,"by Y He · 2021 · Cited by 75 — Research on the heart sound signal contributes to the early diagnosis and prevention of cardiovascular diseases. As a commonly used deep learning network, ...Read more","82",,,"organic",
"Lecture 13: Segmentation Targeting and Positioning","https://www.youtube.com/watch?v=fYSvrZD4G38","Lecture 13: Segmentation Targeting and Positioning. 6.6K views · 5 years ago ...more. NPTEL IIT Kharagpur. 356K. Subscribe. 49. Share.","YouTube › NPTEL IIT Kharagpur",,,,,,,,,,,,,,,,,,"5 years ago",,,,,,,"83",,,"organic","6.6K+ views"
"How AI Recommends Brands in Today's Search Environment","https://www.reddit.com/r/content_marketing/comments/1rf3a1v/how_ai_recommends_brands_in_todays_search/","Has anyone here worked with tools or services that help improve brand recommendation signals inside AI search systems without requiring a huge ...Read more","Reddit › r/content_marketing",,,,,,,,,"7 comments","signals",,,,,,,,"12 hours ago",,,,,,,"84",,,"organic",
"Inclinometers Market Size, Share, and Growth Analysis","https://www.skyquestt.com/report/inclinometers-market","As per inclinometers market analysis, the market is dominated by the single-axis segment. These are generally used in construction equipment, industrial ...Read more","https://www.skyquestt.com › Industrials",,,,,,,,,,"segment","used","industrial",,,,,,,,,,,,,"85",,,"organic",
"50+ Machine Learning Projects with Source Code [Solved]","https://www.projectpro.io/article/top-10-machine-learning-projects-for-beginners-in-2021/397","Machine learning can be used to identify patterns in these trends and determine how they influence sales. Industry: Multiple. Source Code: Sales ...Read more","https://www.projectpro.io › article › top-10-machine-le...",,,"2026-02-01T12:00:00.000Z",,,,,,,"used","Industry",,,,,,,,,,,,,,"86",,,"organic",
"What is Automotive Cybersecurity?","https://www.ansys.com/simulation-topics/what-is-automotive-cybersecurity","The Ansys Maxwell advanced electromagnetic field solver and Ansys HFSS high-frequency electromagnetic simulation software can be used to check for signal ...Read more","https://www.ansys.com › Simulation Topics",,,,,,,,,,"used","signal",,,,,,,,,,,,,,"87",,,"organic",
"Tecnotree Clinches Double Victory at Asian Telecom Awards","https://www.miragenews.com/tecnotree-clinches-double-victory-at-asian-1626338/","AI models continuously score and re-segment customers based on behavioural trajectories, propensity signals, and predicted lifetime value - ...Read more","https://www.miragenews.com › tecnotree-clinches-doub...",,,"2026-02-25T19:00:24.291Z",,,,,,,"segment","signals",,,,,,,,,,,,,,"88",,,"organic",
"Segmentation, Targeting and Positioning - Learn Customer ...","https://www.youtube.com/watch?v=Fij1aBcl_Ts","... good learning resources. This is why we focus all our efforts on creating high-quality educational content which anyone can access online ...","YouTube › 365 Data Science",,,,,,,,,,,,,,,,,,"6 years ago",,,,,,,"89",,,"organic","2L+ views"
"Signal segmentation using changing regression models ...","https://www.sciencedirect.com/science/article/abs/pii/S1051200413001875","by TD Popescu · 2014 · Cited by 40 — In Section 3 the conceptual description of the statistical criteria for segmentation: the Maximum Likelihood (ML) and Maximum A posteriori Probability (MAP) ...Read more","https://www.sciencedirect.com › article › abs › pii",,,,,,,,,,"segmentation",,,,,,,,,,,,,,"by TD Popescu · 2014 · Cited by 40 — In Section 3 the conceptual description of the statistical criteria for segmentation: the Maximum Likelihood (ML) and Maximum A posteriori Probability (MAP) ...Read more","90",,,"organic",
"Inclinometers Market Size, Share, and Growth Analysis","https://www.skyquestt.com/report/inclinometers-market","As per inclinometers market analysis, the market is dominated by the single-axis segment. These are generally used in construction equipment, industrial ...Read more","https://www.skyquestt.com › Industrials",,,,,,,,,,"segment","used","industrial",,,,,,,,,,,,,"91",,,"organic",
"Tecnotree Clinches Double Victory at Asian Telecom Awards","https://www.miragenews.com/tecnotree-clinches-double-victory-at-asian-1626338/","AI models continuously score and re-segment customers based on behavioural trajectories, propensity signals, and predicted lifetime value - ...Read more","https://www.miragenews.com › tecnotree-clinches-doub...",,,"2026-02-25T19:00:27.787Z",,,,,,,"segment","signals",,,,,,,,,,,,,,"92",,,"organic",
"Anomaly Detection for Industrial Applications, Its ...","https://arxiv.org/html/2501.11310v1","Another widely used image preprocessing algorithm is wavelet transform. This technique precedes thresholding and segregates the signal (image) ...Read more","https://arxiv.org › html",,,"2025-01-20T12:00:00.000Z",,,,,,,"used","signal",,,,,,,,,,,,,,"93",,,"organic",
"Segmentation, Image Processing, Point, Line Detection ...","https://www.youtube.com/watch?v=4BO4NvFk5Po","Segmentation, Image Processing, Point, Line Detection, Discontinuity, Similarity. 29K views · 2 years ago ...more ...","YouTube › Varsha's engineering stuff",,,,,,,,,,,,,,,,,,"2 years ago",,,,,,,"94",,,"organic","29.1K+ views"
"Apply robust segmentation to the service industry using ...","https://www.sciencedirect.com/science/article/abs/pii/S0957417410004537","by CH Wang · 2010 · Cited by 70 — With proper market segmentation, companies can put the right products or services to a targeted customer group and hence improve the efficiency of their ...Read more","https://www.sciencedirect.com › article › abs › pii",,,,,,,,,,"segmentation",,,,,,,,,,,,,,"by CH Wang · 2010 · Cited by 70 — With proper market segmentation, companies can put the right products or services to a targeted customer group and hence improve the efficiency of their ...Read more","95",,,"organic",
"Global Gemstone Market to Reach USD 72.8 Billion by 2036","https://www.prnewswire.co.uk/news-releases/future-market-insights-global-gemstone-market-to-reach-usd-72-8-billion-by-2036--302698427.html","industrial finishing. Segmentation Signals: Emeralds Lead Value; Jewelry Remains the Main Demand Engine. Emeralds hold the leading product ...Read more","https://www.prnewswire.co.uk › news-releases › future-...",,,"2026-02-26T13:00:27.791Z",,,,,,,"industrial","Segmentation Signals",,,,,,,,,,,,,,"96",,,"organic",
"What Is NLP (Natural Language Processing)?","https://www.ibm.com/think/topics/natural-language-processing","... relevance in real-world applications. Different software environments are useful throughout the said processes. For example, the Natural Language Toolkit ...Read more","https://www.ibm.com › think › topics › natural-languag...",,,,,,,,,,"relevance","useful",,,,,,,,,,,,,,"97",,,"organic",
"An effective multi-modal fusion based emotional recognition ...","https://link.springer.com/article/10.1007/s11042-026-21343-1","signals to discriminate the emotional states of individuals. It ... With the surge in video content across social media, the relevance of ...Read more","https://link.springer.com › article",,,"2026-02-26T00:00:27.792Z",,,,,,,"signals","relevance",,,,,,,,,,,,,,"98",,,"organic",
"What is B2B audience segmentation?","https://bombora.com/core-concepts/what-is-audience-segmentation/","Marketers can now move beyond traditional demographic and firmographic segmentations, applying behavioral signals, Intent data signals, and real-time engagement ...Read more","https://bombora.com › Core Concepts",,,,,,,,,,"signals","signals",,,,,,,,,,,,,,"99",,,"organic",
"Customer Segmentation Analysis: Methods and Metrics","https://www.moengage.com/blog/customer-segmentation-analysis/","A good segmentation study often shows which customers bring the most growth, which ones are quietly slipping away, and which groups might ...Read more","https://www.moengage.com › ... › Segmentation",,,"2025-11-06T12:00:00.000Z",,,,,,,"good segmentation",,,,,,,,,,,,,,,"100",,,"organic",
"Complete Guide to Customer Segmentation","https://zetaglobal.com/resource-center/articles/a-step-by-step-guide-to-customer-segmentation/","Top reasons why we segment customers · Improve advertising ROI: Segmentation allows you to send more relevant messages, which increases ...Read more","https://zetaglobal.com › Resource Center",,,"2022-08-24T12:00:00.000Z",,,,,,,"segment","Segmentation","relevant",,,,,,,,,,,,,"101",,,"organic",
"Power of Market Segmentation: One-Size-Fits-All is a Thing of ...","https://www.clootrack.com/blogs/market-segmentation","The above statistics are just enough to highlight the importance of market segmentation. If a brand fails to segment its market, it could end up ...Read more","https://www.clootrack.com › blogs › market-segmentati...",,,"2024-11-24T12:00:00.000Z",,,,,,,"importance","segmentation","segment",,,,,,,,,,,,,"102",,,"organic",
"What is market segmentation? Discover benefits and ...","https://www.kameleoon.com/blog/market-segmentation","It uses machine learning to analyze real-time visitor behavior. It then assigns users to the most relevant audience segment, even on their very ...Read more","https://www.kameleoon.com › blog › market-segmentat...",,,"2018-09-21T12:00:00.000Z",,,,,,,"relevant","segment",,,,,,,,,,,,,,"103",,,"organic",
"Segmentation & Activation","https://liveramp.com/our-platform/segmentation-activation","Maximize media performance with relevant, connected experiences. Don't let fragmented channels and signals limit your reach, personalization, and optimization ...Read more","https://liveramp.com › our-platform › segmentation-acti...",,,,,,,,,,"relevant","signals",,,,,,,,,,,,,,"104",,,"organic",
"Types of consumer segmentation and when to use them","https://resources.audiense.com/en/blog/types-of-consumer-segmentation","Consumer segmentation enables you to uncover valuable audience insights that can help to dictate the content, targeting and media buying strategy of your ...Read more","https://resources.audiense.com › blog › types-of-consu...",,,"2025-02-12T12:00:00.000Z",,,,,,,"segmentation",,,,,,,,,,,,,,,"105",,,"organic",
"Novel Segmentation Methodology for Robust Feature ...","https://papers.phmsociety.org/index.php/phmconf/article/download/4606/phmc_25_4606","Empirical validation of the framework using industrial sensor data (e.g., gas sensor calibration), demonstrating improved signal interpretability, enhanced ...Read more","https://papers.phmsociety.org › phmc_25_4606",,,,,,,,,,"industrial","signal",,,,,,,,,,,,,,"106",,,"organic",
"Signal processing","https://en.wikipedia.org/wiki/Signal_processing","Signal processing techniques are used to optimize transmissions, digital storage efficiency, correcting distorted signals, improve subjective video quality, and ...Read more","https://en.wikipedia.org › wiki › Signal_processing",,,,,,,,,,"Signal","used","signals",,,,,,,,,,,,,"107",,,"organic",
"What is audience segmentation? Strategies and examples ...","https://clearbit.com/blog/what-is-audience-segmentation","Audience segmentation is used to direct messaging and outreach toward a smaller subset of prospects. This makes marketing materials more ...Read more","https://clearbit.com › blog › what-is-audience-segmenta...",,,"2023-05-11T12:00:00.000Z",,,,,,,"segmentation","used",,,,,,,,,,,,,,"108",,,"organic",
"Customer Segmentation: What, Why, How, & Examples","https://www.sprinklr.com/blog/customer-segmentation/","When customers feel understood, they stick around. Segmentation helps you build trust through relevance such as personalized marketing, offers, ...Read more","https://www.sprinklr.com › blog › customer-segmentation",,,"2025-06-24T12:00:00.000Z",,,,,,,"Segmentation","relevance",,,,,,,,,,,,,,"109",,,"organic",
"A REVIEW ON SEGMENTATION T N ...","https://ijsr.in/upload/372829948Chapter_23.pdf","ntation, Thresholding, Feature Based Clustering, Region Based Segmentation, Mo egmentation. ation technique is used to image surfaces, objects, or used in ...Read more","https://ijsr.in › upload",,,,,,,,,,"Segmentation","used","used",,,,,,,,,,,,,"110",,,"organic",
"Segmentation in Marketing: Reach Audience with the Right ...","https://www.salesmanago.com/blog/segmentation-in-marketing","Steps to Create a Segmentation Strategy · 1. Define your market · 2. Collect and analyse relevant data · 3. Identify meaningful segments · 4. Create ...Read more","https://www.salesmanago.com › blog › segmentation-in...",,,"2025-07-07T12:00:00.000Z",,,,,,,"Segmentation","relevant",,,,,,,,,,,,,,"111",,,"organic",
"Micro-Segmentation | Sales Glossary","https://firstsales.io/sales/glossary/micro-segmentation/","2. Combine multiple data dimensions - Layer firmographics (company size, industry) + technographics (tools used) + intent signals (active research) + behavior ( ...Read more","https://firstsales.io › ... › Glossary › Micro-Segmentation",,,,,,,,,,"industry","used","signals","research",,,,,,,,,,,,"112",,,"organic",
"How AI is completely changing customer segmentation","https://www.okoone.com/spark/marketing-growth/how-ai-is-completely-changing-customer-segmentation/","Real-time targeting, industry-specific impact, and predictive models now drive relevance. But precision still needs human judgment ...Read more","https://www.okoone.com › spark › marketing-growth",,,"2025-05-29T12:00:00.000Z",,,,,,,"industry","relevance",,,,,,,,,,,,,,"113",,,"organic",
"15 Best Customer Segmentation Tools: Features, Benefits","https://www.youngurbanproject.com/customer-segmentation-tools/","Behavioral segmentation looks at actions. This is where things get more interesting. Typical behavioral signals include: Browsing activity ...Read more","https://www.youngurbanproject.com › customer-segme...",,,"2026-01-31T12:00:00.000Z",,,,,,,"segmentation","signals",,,,,,,,,,,,,,"114",,,"organic",
"Importance of Segmentation for Supply Chain Recovery","https://www.accelytics.com/resources/importance-of-segmentation-for-supply-chain-recovery-in-disruptive-environments","By segmenting data and dissecting your customer needs, your company can respond faster and more accurately to demand signals, demand pattern ...Read more","https://www.accelytics.com › resources › importance-of...",,,"2020-05-25T12:00:00.000Z",,,,,,,"signals",,,,,,,,,,,,,,,"115",,,"organic",
"A REVIEW ON SEGMENTATION T N ...","https://ijsr.in/upload/372829948Chapter_23.pdf","ntation, Thresholding, Feature Based Clustering, Region Based Segmentation, Mo egmentation. ation technique is used to image surfaces, objects, or used in ...Read more","https://ijsr.in › upload",,,,,,,,,,"Segmentation","used","used",,,,,,,,,,,,,"116",,,"organic",
"Lead Segmentation: What It Is and How to Set It Up","https://www.madisonlogic.com/blog/lead-segmentation/","Firmographics: Segment accounts by industry, company size, or revenue to tailor outreach to their business profile. ... Intent Signals: Leverage ...Read more","https://www.madisonlogic.com › blog › lead-segmentati...",,,"2025-05-29T12:00:00.000Z",,,,,,,"Segment","industry","Signals",,,,,,,,,,,,,"117",,,"organic",
"Rethinking amodal video segmentation from learning ...","https://www.amazon.science/publications/rethinking-amodal-video-segmentation-from-learning-supervised-signals-with-object-centric-representation","by K Fan · 2023 · Cited by 8 — Faculty research opportunities on industry-scale technical challenges. ... Rethinking amodal video segmentation from learning supervised signals with ...Read more","https://www.amazon.science › publications › rethinking...",,,,,,,,,,"research","industry","segmentation","signals",,,,,,,,,,,"by K Fan · 2023 · Cited by 8 — Faculty research opportunities on industry-scale technical challenges. ... Rethinking amodal video segmentation from learning supervised signals with ...Read more","118",,,"organic",
"How to Personalize Your App Messaging","https://onesignal.com/blog/6-valuable-segmentation-criteria-to-use-to-target-your-app-messaging/","This is what happens when companies fail to implement a segmentation strategy in messaging their users. Without proper user segmentation, your ...Read more","https://onesignal.com › blog › 6-valuable-segmentation...",,,"2021-12-03T12:00:00.000Z",,,,,,,"segmentation","segmentation",,,,,,,,,,,,,,"119",,,"organic",
"Personalisation at Scale","https://www.impactonnet.com/impact-stories/personalisation-at-scale-13521.html","According to marketers working with AI, segmentation, predictive analytics, and optimisation of real-time engagement have been improved. However ...Read more","https://www.impactonnet.com › Home › IMPACT Stories",,,"2026-02-26T12:00:39.290Z",,,,,,,"segmentation",,,,,,,,,,,,,,,"120",,,"organic",
"What is Customer Segmentation - 5 Working Examples","https://seon.io/resources/customer-segmentation-with-data-enrichment/","In today's digital world, an increasingly relevant form of segmentation comes courtesy of the kind of tech people use. It's called technographic segmentation, ...Read more","https://seon.io › Articles",,,,,,,,,,"relevant","segmentation","segmentation",,,,,,,,,,,,,"121",,,"organic",
"Stop Blending In and Start Winning Like a Challenger Bank","https://thefinancialbrand.com/news/fintech-banking/stop-blending-in-and-start-winning-like-a-challenger-bank-195898","relevance, and talkability. Fulwiler argues that banking's challenge ... For banking leaders, it shows that growth signals can be measured earlier ...Read more","https://thefinancialbrand.com › news › fintech-banking",,,"2026-02-25T19:00:39.293Z",,,,,,,"relevance","signals",,,,,,,,,,,,,,"122",,,"organic",
"High Pass Filters and Their Role in Semantic Image ...","https://eureka.patsnap.com/report-high-pass-filters-and-their-role-in-semantic-image-segmentation-techniques","The surveillance and security industry has also contributed significantly to the market growth of advanced image segmentation. With the ...Read more","https://eureka.patsnap.com › report-high-pass-filters-an...",,,"2025-07-28T12:00:00.000Z",,,,,,,"industry","segmentation",,,,,,,,,,,,,,"123",,,"organic",
"Segmentation Control: A Comprehensive Guide for 2025","https://www.shadecoder.com/topics/segmentation-control-a-comprehensive-guide-for-2025","Practical relevance: segmentation control allows targeted experimentation, reduces risk of broad changes, and improves resource allocation. In ...Read more","https://www.shadecoder.com › topics › segmentation-con...",,,"2026-01-02T12:00:00.000Z",,,,,,,"relevance","segmentation",,,,,,,,,,,,,,"124",,,"organic",
"AI-Powered Customer Segmentation: 5 Real-World ...","https://web.superagi.com/ai-powered-customer-segmentation-5-real-world-examples-and-success-stories-in-2025/","These signals were then used to automatically adjust segment ... As the healthcare industry continues to evolve, the importance of ...Read more","https://web.superagi.com › ai-powered-customer-segmen...",,,"2025-06-30T12:00:00.000Z",,,,,,,"signals","used","segment","industry","importance",,,,,,,,,,,"125",,,"organic",
"LabVIEW - Signal segmentation - NI Community","https://forums.ni.com/t5/LabVIEW/Signal-segmentation/td-p/4027041","Hello, I have this signal that represents calculated Euler Angles (Green - Pitch-Roll, Blue - Roll, Red - Pitch) and each ""box"" bordered.","https://forums.ni.com › ... › Signal segmentation",,,"2020-03-21T12:00:00.000Z",,,,,,,"signal",,,,,,,,,,,,,,,"126",,,"organic",
"A segmentation of technology shoppers","https://www.marketingweek.com/a-segmentation-of-technology-shoppers/","Marketers targeting technology shoppers can segment them based on age, gender, spending power and reasons for buying.Read more","https://www.marketingweek.com › a-segmentation-of-te...",,,,,,,,,,"segment",,,,,,,,,,,,,,,"127",,,"organic",
"Article: SemicNet: a semicircular network ...","https://www.inderscience.com/info/inarticle.php?artid=113838","by Z Zheng · 2021 · Cited by 2 — Abstract: The traditional neural network used for medical image segmentation was not clear on the network depth, the importance of different depths and the ...Read more","https://www.inderscience.com › info › inarticle",,,,,,,,,,"used","segmentation","importance",,,,,,,,,,,,"by Z Zheng · 2021 · Cited by 2 — Abstract: The traditional neural network used for medical image segmentation was not clear on the network depth, the importance of different depths and the ...Read more","128",,,"organic",
"Four Segmentation Examples in the Field of Non ...","https://www.ndt.net/article/v05n06/moysan/moysan.htm","by J MOYSAN — During the 1990's NDT laboratories, both academic and industrial evaluated signal processing tools or image processing methods. Research extended to ...Read more","https://www.ndt.net › article › moysan › moysan",,,,,,,,,,"industrial","signal","Research",,,,,,,,,,,,,"129",,,"organic",
"Segmentation, Targeting and Positioning - Learn Customer ...","https://www.youtube.com/watch?v=Fij1aBcl_Ts","... good learning resources. This is why we focus all our efforts on creating high-quality educational content which anyone can access online ...","YouTube › 365 Data Science",,,,,,,,,,,,,,,,,,"6 years ago",,,,,,,"130",,,"organic","2L+ views"
"AI meets marketing segmentation models | by Jan Teichmann","https://medium.com/data-science/data-science-powered-segmentation-models-ae89f9bd405f","New gold standard: using machine learning to derive a user and product segmentation from behavioural data for a marketing STP strategy.Read more","320+ likes  ·  6 years ago",,,,,,,,,,"segmentation",,,,,,,,,,,,,,,"131",,,"organic",
"The Benefits of Geographic Segmentation","https://www.alchemer.com/resources/blog/benefits-of-geographic-segmentation/","Geographic segmentation is an effective methodology used by organizations with large national or international markets to better understand the location ...Read more","https://www.alchemer.com › Blog",,,,,,,,,,"segmentation","used",,,,,,,,,,,,,,"132",,,"organic",
"A Complete Guide to Data Segmentation","https://www.fullstory.com/blog/data-segmentation/","Think of data segmentation like tackling a massive jigsaw puzzle. You start by sorting pieces by color, shape, or pattern, making it way ...Read more","https://www.fullstory.com › blog › data-segmentation",,,"2024-03-08T12:00:00.000Z",,,,,,,"segmentation",,,,,,,,,,,,,,,"133",,,"organic",
"Image Segmentation Technique: A Systematic Literature ...","https://www.ijert.org/image-segmentation-technique-a-systematic-literature-review","It is a process of dividing the image into multiple parts, which are used for identifying objects and other relevant information. Image ...Read more","https://www.ijert.org › image-segmentation-technique-a-s...",,,"2023-02-01T12:00:00.000Z",,,,,,,"used","relevant",,,,,,,,,,,,,,"134",,,"organic",
"A Good Signal: How Firms Can Utilize Country of Origin as ...","https://journals.sagepub.com/doi/10.1177/1069031X241254038","by RU Rahman · 2024 · Cited by 15 — 2017). This lack of knowledge about relevant metrics prevents firms from using consumer data effectively to tailor their marketing mix according to high- versus ...Read more","https://journals.sagepub.com › doi",,,,,,,,,,"relevant",,,,,,,,,,,,,,"by RU Rahman · 2024 · Cited by 15 — 2017). This lack of knowledge about relevant metrics prevents firms from using consumer data effectively to tailor their marketing mix according to high- versus ...Read more","135",,,"organic",
"What is image segmentation? Types, characteristics and ...","https://procys.com/blog/image-segmentation","Self-driving cars rely on segmentation to differentiate between pedestrians, vehicles, traffic signals, and road signs. ... In geospatial analysis ...Read more","https://procys.com › blog › image-segmentation",,,"2025-03-13T12:00:00.000Z",,,,,,,"segmentation","signals",,,,,,,,,,,,,,"136",,,"organic",
"Driver state prediction from vehicle signals - Alexandria (UniSG)","https://www.alexandria.unisg.ch/268168/1/Driver_state_prediction_from_vehicle_signals_An_evaluation_of_segmentation_approaches.pdf","by M Maritsch · 2022 · Cited by 4 — To close this research gap, we apply a consistent setting to evaluate four commonly used segmentation approaches, including two sliding window approaches ...Read more","https://www.alexandria.unisg.ch › Driver_state_p...",,,,,,,,,,"research","used segmentation",,,,,,,,,,,,,"by M Maritsch · 2022 · Cited by 4 — To close this research gap, we apply a consistent setting to evaluate four commonly used segmentation approaches, including two sliding window approaches ...Read more","137",,,"organic",
"Evaluation of algorithm selection approach for semantic ...","https://ieeexplore.ieee.org/abstract/document/7222974/","by M Lukac · 2015 · Cited by 1 — The task dependent evaluation is demonstrated on segmentation and object recognition. Additionally, we also discuss the importance of high level symbolic ...Read more","https://ieeexplore.ieee.org › abstract › document",,,,,,,,,,"segmentation","importance",,,,,,,,,,,,,"by M Lukac · 2015 · Cited by 1 — The task dependent evaluation is demonstrated on segmentation and object recognition. Additionally, we also discuss the importance of high level symbolic ...Read more","138",,,"organic",
"Advertising product improvement opportunities using ...","https://www.diva-portal.org/smash/get/diva2:726184/FULLTEXT01.pdf","by M Kohlberg · 2014 · Cited by 1 — of how segmentation can be used to improve contextual relevance. An ... signal, segmentation as a method should perhaps have been questioned and rejected.Read more","https://www.diva-portal.org › get › FULLTEXT01",,,,,,,,,,"segmentation","used","relevance","signal","segmentation",,,,,,,,,,"by M Kohlberg · 2014 · Cited by 1 — of how segmentation can be used to improve contextual relevance. An ... signal, segmentation as a method should perhaps have been questioned and rejected.Read more","139",,,"organic",
"Market segmentation: a complete guide in the age of AI","https://www.optimizely.com/insights/blog/market-segmentation-a-complete-guide/","Enhancing return on investment (ROI): Resources are directed toward the most relevant customer groups, optimizing marketing spend. Enabling ...Read more","https://www.optimizely.com › Insights › Blog › 2024 › 10",,,"2024-10-09T12:00:00.000Z",,,,,,,"relevant",,,,,,,,,,,,,,,"140",,,"organic",
"Advertising product improvement opportunities using ...","https://www.diva-portal.org/smash/get/diva2:726184/FULLTEXT01.pdf","by M Kohlberg · 2014 · Cited by 1 — of how segmentation can be used to improve contextual relevance. An ... signal, segmentation as a method should perhaps have been questioned and rejected.Read more","https://www.diva-portal.org › get › FULLTEXT01",,,,,,,,,,"segmentation","used","relevance","signal","segmentation",,,,,,,,,,"by M Kohlberg · 2014 · Cited by 1 — of how segmentation can be used to improve contextual relevance. An ... signal, segmentation as a method should perhaps have been questioned and rejected.Read more","141",,,"organic",
"Emerging Market Segmentation Techniques for 2025","https://www.globalbankingandfinance.com/emerging-market-segmentation-techniques-for-2025/","Industry studies suggest that companies utilizing dynamic segmentation experience a 15% increase in conversion rates due to their agility in ...Read more","https://www.globalbankingandfinance.com › emerging-...",,,"2025-01-13T12:00:00.000Z",,,,,,,"Industry","segmentation",,,,,,,,,,,,,,"142",,,"organic",
"AUTOMATIC SEGMENTATION OF BROADCAST AUDIO ...","https://doaj.org/article/364dce58b43244d7964ebd84a8394fcc","AUTOMATIC SEGMENTATION OF BROADCAST AUDIO SIGNALS USING AUTO ASSOCIATIVE NEURAL NETWORKS ... Auto Associative Neural Networks are used to segment the audio ...Read more","https://doaj.org › article",,,,,,,,,,"SEGMENTATION","SIGNALS","used","segment",,,,,,,,,,,,"143",,,"organic",
"Deep learning-based semantic segmentation of remote ...","https://www.frontiersin.org/journals/ecology-and-evolution/articles/10.3389/fevo.2023.1201125/full","by J Lv · 2023 · Cited by 85 — All developments are a long technical accumulation. Early methods of semantic segmentation used traditional methods. With the emergence of DL, ...Read more","https://www.frontiersin.org › fevo.2023.1201125 › full",,,,,,,,,,"segmentation used",,,,,,,,,,,,,,"by J Lv · 2023 · Cited by 85 — All developments are a long technical accumulation. Early methods of semantic segmentation used traditional methods. With the emergence of DL, ...Read more","144",,,"organic",
"Tecnotree Wins in Two Categories at Asian Telecom ...","https://www.businesswire.com/news/home/20260225387227/en/Tecnotree-Wins-in-Two-Categories-at-Asian-Telecom-Awards-2026","industry-leading innovations in AI-powered customer engagement and digital experience platforms. ... signals across the entire lifecycle ...Read more","https://www.businesswire.com › news › home › Tecnotre...",,,"2026-02-25T19:00:44.593Z",,,,,,,"industry","signals",,,,,,,,,,,,,,"145",,,"organic",
"Four segmentation methods in marketing","https://www.experian.com/blogs/marketing-forward/four-segmentation-methods-in-marketing/","With segmentation, you can identify your target audience, speak to their needs, and deliver the right message at the right moment. Companies ...Read more","https://www.experian.com › blogs › four-segmentation-...",,,"2025-08-14T12:00:00.000Z",,,,,,,"segmentation",,,,,,,,,,,,,,,"146",,,"organic",
"Master Market Segmentation for Enhanced Profitability and ...","https://www.investopedia.com/ask/answers/061615/what-are-some-examples-businesses-use-market-segmentation.asp","Geographic Segmentation: Previously a subset of demographics, geographic segmentation (including climate and regional factors) is relevant for businesses trying ...Read more","https://www.investopedia.com › ... › Marketing Essentials",,,,,,,,,,"Segmentation","segmentation","relevant",,,,,,,,,,,,,"147",,,"organic",
"Running an ABC/XYZ-Segmentation and a Time-Series ...","https://learning.sap.com/courses/mastering-sap-ibp-for-inventory-planning-and-optimization/running-an-abc-xyz-segmentation-and-a-time-series-analysis-1","... signals within the product portfolio. For this exercise ... ABC segmentation is the prioritization of planning objects based on their relative importance.Read more","https://learning.sap.com › courses › running-an-abc-xyz-...",,,,,,,,,,"signals","segmentation","importance",,,,,,,,,,,,,"148",,,"organic",
"10 Powerful Customer Segmentation Strategies for B2B ...","https://www.martechdo.com/customer-segmentation-strategies/","1. Demographic Segmentation ... Demographic segmentation is one of the most fundamental and widely used customer segmentation strategies. It involves grouping ...Read more","https://www.martechdo.com › Insights",,,,,,,,,,"Segmentation","segmentation","used","segmentation",,,,,,,,,,,,"149",,,"organic",
"8 Best Customer Segmentation Tools + Software","https://contentsquare.com/guides/customer-segmentation/tools/","Without segments, your customer data will only ever show top-level trends like lifetime value or churn. That's why you need customer ...Read more","https://contentsquare.com › guides › tools",,,"2024-08-05T12:00:00.000Z",,,,,,,,,,,,,,,,,,,,,,"150",,,"organic",
"7 Customer Segmentation Examples to Turn Data into ...","https://hq.quikly.com/blog/customer-segmentation-example","... industry benchmark. ... This article moves beyond theory to provide a strategic breakdown of the seven most impactful customer segmentation example models used by ...Read more","https://hq.quikly.com › blog › customer-segmentation-ex...",,,,,,,,,,"industry","segmentation","used",,,,,,,,,,,,,"151",,,"organic",
"14 Types of Segmentation Every Marketer Should Know & ...","https://clevertap.com/blog/types-of-segmentation/","It helps you choose the right audience to target based on high-level traits like location, industry, or demographics. Audience segmentation ...Read more","https://clevertap.com › blog › types-of-segmentation",,,"2025-06-16T12:00:00.000Z",,,,,,,"industry","segmentation",,,,,,,,,,,,,,"152",,,"organic",
"Market Segmentation: Definition, Types, and B2B Use Cases","https://coresignal.com/blog/market-segmentation/","Sales & marketing strategies. Market segmentation allows you to personalize marketing and sales campaigns and approach a client with a good base ...Read more","https://coresignal.com › Blog",,,"2026-01-22T12:00:00.000Z",,,,,,,"segmentation","good",,,,,,,,,,,,,,"153",,,"organic",
"Segmentation, Targeting, and Positioning","https://umbrex.com/resources/what-marketing-is/segmentation-targeting-and-positioning/","The simplest segmentation uses observable attributes: industry, geography, company size, income, or age. These can be useful, especially when distribution ...Read more","https://umbrex.com › resources › what-marketing-is › s...",,,,,,,,,,"segmentation","industry","useful",,,,,,,,,,,,,"154",,,"organic",
"Transform Your Business Strategy with Segmentation ...","https://smenews.digital/transform-your-business-strategy-with-segmentation-analysis/","Firmographic segmentation involves grouping businesses based on industry, company size, location, and revenue. You can measure the performance ...Read more","https://smenews.digital › Home › Articles",,,"2024-11-19T12:00:00.000Z",,,,,,,"segmentation","industry",,,,,,,,,,,,,,"155",,,"organic",
"Segmentation | Email Marketing Glossary","https://www.cyberimpact.com/en/glossary/email-segmentation-email-marketing/","This is useful for tailoring tone, offers, or product recommendations. Example: A clothing retailer segments by gender to send relevant product ...Read more","https://www.cyberimpact.com › glossary › email-segme...",,,"2026-01-16T12:00:00.000Z",,,,,,,"useful","relevant",,,,,,,,,,,,,,"156",,,"organic",
"Rising cyber threats expose critical need for enhanced IT ...","https://industrialcyber.co/features/rising-cyber-threats-expose-critical-need-for-enhanced-it-ot-network-segmentation/","used for segmentation – it is used ... segmentation challenges and work their way toward future-proofing industrial network segmentation.Read more","https://industrialcyber.co › features › rising-cyber-threat...",,,"2023-09-17T12:00:00.000Z",,,,,,,"used for segmentation","used","segmentation","industrial","segmentation",,,,,,,,,,,"157",,,"organic",
"What Are the Advantages of Segmentation?","https://revive.digital/blog/what-are-the-advantages-of-segmentation/","Better More Relevant Marketing Campaigns ... Segmenting markets helps you learn more about your audience. By improving the what and the where of ...Read more","https://revive.digital › Blog",,,"2020-11-23T12:00:00.000Z",,,,,,,"Relevant",,,,,,,,,,,,,,,"158",,,"organic",
"Analysis of Influence of Segmentation, Features, and ...","https://pdfs.semanticscholar.org/2d87/53eb2bfc47cc41950d0aa38189aeb247ed21.pdf","by JJAM Junior · 2020 · Cited by 32 — Only sEMG signals were used as input. Signals from 12 subjects were ... This device is widely used in gesture recognition research [46,47].Read more","https://pdfs.semanticscholar.org › ...",,,,,,,,,,"signals","used","Signals","used","research",,,,,,,,,,"by JJAM Junior · 2020 · Cited by 32 — Only sEMG signals were used as input. Signals from 12 subjects were ... This device is widely used in gesture recognition research [46,47].Read more","159",,,"organic",
"How to Build, Enrich, and Track Signals for Smarter ...","https://www.linkedin.com/pulse/how-build-enrich-track-signals-smarter-prospecting-jamie-shanks-wipzf","Then we layer in role-based filters: seniority level, job titles, department, years in current company, etc. The result is a focused list of ...Read more","LinkedIn › Jamie Shanks",,,,,,,,,,"seniority","job",,,,,,,,,,,,,,"1",,,"organic",
"LinkedIn Profile Enrichment Automation w/ Lindy & Bright ...","https://www.lindy.ai/blog/lindy-bright-data-linkedin-enrichment","By the end of this guide, you'll have set up a complete system that automatically enriches your LinkedIn profiles. Your new workflow will:.Read more","https://www.lindy.ai › blog › lindy-bright-data-linkedin...",,,"2025-11-30T12:00:00.000Z",,,,"4.7",,,"automatically enriches your LinkedIn profiles",,,,,,,,,,"238",,,,,"2",,,"organic",
"LinkedIn Event Guests Export","https://phantombuster.com/automations/linkedin/5447892918325546/linkedin-event-guests-export","Run LinkedIn Event Guests Export to extract attendee profiles from your event page. Use LinkedIn Profile Scraper to enrich profiles with job titles, company ...Read more","https://phantombuster.com › automations › linkedin-ev...",,,,,,,,,,"LinkedIn","attendee","LinkedIn Profile","enrich","job",,,,,,,,,,,"3",,,"organic",
"Enrich Linkedin profile URLs stored in a Google Sheet","https://n8n.io/workflows/2107-enrich-linkedin-profile-urls-stored-in-a-google-sheet/","This template is for users looking to retrieve email information from LinkedIn profiles and update Google Sheets with the collected data.Read more","https://n8n.io › workflows › 2107-enrich-linkedin-profi...",,,,,,,"4.6",,,"LinkedIn",,,,,,,,,,"27",,,,,"4",,,"organic",
"Improving the job process — A LinkedIn Case Study","https://davisdesigninteractive.medium.com/improving-the-job-process-a-linkedin-case-study-54236d13ae70","The Job Application tracker is the new feature we developed for the LinkedIn interface. With this, the user can track the status of their job applications.Read more","20+ likes  ·  4 years ago",,,,,,,,,,"Job","LinkedIn","job",,,,,,,,,,,,,"5",,,"organic",
"LinkedIn Job Hacks: The Secret URL Tweak That'll Save ...","https://www.linkedin.com/pulse/linkedin-job-hacks-secret-url-tweak-thatll-save-you-zayas-ortiz-uzaec","The 3-Step LinkedIn URL Hack for Ultra-Fresh Job Postings. Run a job search on LinkedIn as usual. Use keywords like Director Sales Operations, ...Read more","LinkedIn › Zarina Z.",,,,,,,,,,"LinkedIn URL","Job","job","LinkedIn",,,,,,,,,,,,"6",,,"organic",
"Save 10x the time by enriching your Sales Navigator lead list","https://www.cognism.com/gtm-plays/enrich-linkedin-sales-navigator-lead-lists","Looking for how you can get accurate contact data for your Sales Navigator lead list? Check out our cheat code for it.","https://www.cognism.com › gtm-plays › enrich-linkedin-...",,,,,,,,,,,,,,,,,,,,,,,,,"7",,,"organic",
"LinkedIn Prospecting: The Only Guide You'll Ever Need","https://www.heyreach.io/blog/linkedin-prospecting","Extract the prospect's job title and role. Use LinkedIn Profile Enrichment to find current job titles, seniority, and department; Helps filter ...Read more","https://www.heyreach.io › blog › linkedin-prospecting",,,"2025-03-14T12:00:00.000Z",,,,,,,"Use LinkedIn Profile Enrichment",,,,,,,,,,,,,,,"8",,,"organic",
"Unleashing LinkedIn's","https://business.linkedin.com/content/dam/me/business/en-us/talent-solutions/resources/pdfs/linkedin-targeting-guide_LTS_version.pdf","This means you can target members using profile-based demographic information using things like job title, seniority, company name, and more. On LinkedIn ...Read more","https://business.linkedin.com › resources › pdfs",,,,,,,,,,"profile","job","seniority","LinkedIn",,,,,,,,,,,,"9",,,"organic",
"What is Customer Segmentation - 5 Working Examples","https://seon.io/resources/customer-segmentation-with-data-enrichment/","In today's digital world, an increasingly relevant form of segmentation comes courtesy of the kind of tech people use. It's called technographic segmentation, ...Read more","https://seon.io › Articles",,,,,,,,,,"relevant","segmentation","segmentation",,,,,,,,,,,,,"160",,,"organic",
"Stop Blending In and Start Winning Like a Challenger Bank","https://thefinancialbrand.com/news/fintech-banking/stop-blending-in-and-start-winning-like-a-challenger-bank-195898","relevance, and talkability. Fulwiler argues that banking's challenge ... For banking leaders, it shows that growth signals can be measured earlier ...Read more","https://thefinancialbrand.com › news › fintech-banking",,,"2026-02-25T19:00:52.490Z",,,,,,,"relevance","signals",,,,,,,,,,,,,,"161",,,"organic",
"High Pass Filters and Their Role in Semantic Image ...","https://eureka.patsnap.com/report-high-pass-filters-and-their-role-in-semantic-image-segmentation-techniques","The surveillance and security industry has also contributed significantly to the market growth of advanced image segmentation. With the ...Read more","https://eureka.patsnap.com › report-high-pass-filters-an...",,,"2025-07-28T12:00:00.000Z",,,,,,,"industry","segmentation",,,,,,,,,,,,,,"162",,,"organic",
"Segmentation Control: A Comprehensive Guide for 2025","https://www.shadecoder.com/topics/segmentation-control-a-comprehensive-guide-for-2025","Practical relevance: segmentation control allows targeted experimentation, reduces risk of broad changes, and improves resource allocation. In ...Read more","https://www.shadecoder.com › topics › segmentation-con...",,,"2026-01-02T12:00:00.000Z",,,,,,,"relevance","segmentation",,,,,,,,,,,,,,"163",,,"organic",
"AI-Powered Customer Segmentation: 5 Real-World ...","https://web.superagi.com/ai-powered-customer-segmentation-5-real-world-examples-and-success-stories-in-2025/","These signals were then used to automatically adjust segment ... As the healthcare industry continues to evolve, the importance of ...Read more","https://web.superagi.com › ai-powered-customer-segmen...",,,"2025-06-30T12:00:00.000Z",,,,,,,"signals","used","segment","industry","importance",,,,,,,,,,,"164",,,"organic",
"LabVIEW - Signal segmentation - NI Community","https://forums.ni.com/t5/LabVIEW/Signal-segmentation/td-p/4027041","Hello, I have this signal that represents calculated Euler Angles (Green - Pitch-Roll, Blue - Roll, Red - Pitch) and each ""box"" bordered.","https://forums.ni.com › ... › Signal segmentation",,,"2020-03-21T12:00:00.000Z",,,,,,,"signal",,,,,,,,,,,,,,,"165",,,"organic",
"A segmentation of technology shoppers","https://www.marketingweek.com/a-segmentation-of-technology-shoppers/","Marketers targeting technology shoppers can segment them based on age, gender, spending power and reasons for buying.Read more","https://www.marketingweek.com › a-segmentation-of-te...",,,,,,,,,,"segment",,,,,,,,,,,,,,,"166",,,"organic",
"Four Segmentation Examples in the Field of Non ...","https://www.ndt.net/article/v05n06/moysan/moysan.htm","by J MOYSAN — During the 1990's NDT laboratories, both academic and industrial evaluated signal processing tools or image processing methods. Research extended to ...Read more","https://www.ndt.net › article › moysan › moysan",,,,,,,,,,"industrial","signal","Research",,,,,,,,,,,,,"167",,,"organic",
"Article: SemicNet: a semicircular network ...","https://www.inderscience.com/info/inarticle.php?artid=113838","by Z Zheng · 2021 · Cited by 2 — Abstract: The traditional neural network used for medical image segmentation was not clear on the network depth, the importance of different depths and the ...Read more","https://www.inderscience.com › info › inarticle",,,,,,,,,,"used","segmentation","importance",,,,,,,,,,,,"by Z Zheng · 2021 · Cited by 2 — Abstract: The traditional neural network used for medical image segmentation was not clear on the network depth, the importance of different depths and the ...Read more","168",,,"organic",
"Role of occupation in market segmentation processes","https://insight7.io/role-of-occupation-in-market-segmentation-processes/","By recognizing these variations, businesses can create more relevant messaging that resonates with their audience. This understanding enhances customer ...Read more","https://insight7.io › role-of-occupation-in-market-segm...",,,,,,,,,,"relevant",,,,,,,,,,,,,,,"169",,,"organic",
"Trends That Will Shape Market Segmentation in 2026","https://www.business.com/articles/market-segmentation-trends/","The importance of market segmentation · Discover effective niches within your existing customer base: Market segmentation helps companies plan ...Read more","https://www.business.com › ... › Business Intelligence",,,"2026-02-21T19:00:55.806Z",,,,,,,"importance","segmentation","segmentation",,,,,,,,,,,,,"170",,,"organic",
"Reimagining KYC: From legacy models to perpetual KYC","https://www.capgemini.com/insights/research-library/reimagining-kyc-pkyc-framework/","No. Risk segmentation remains essential – but it's dynamically refreshed to reflect current customer behavior and risk signals.Read more","https://www.capgemini.com › Research & insights",,,,,,,,,,"segmentation","signals",,,,,,,,,,,,,,"171",,,"organic",
"Automatic segmentation of radiographic images in industrial ...","https://cejsh.icm.edu.pl/cejsh/element/bwmeta1.element.oai-journals-pan-pl-84561/c/oai-journals-pan-pl-84561_full-text_11_paper.pdf","by P BANIUKIEWICZ · 2011 · Cited by 4 — tion of an IQI is obtained from a fusion signal F arising from two methods commonly used in the pattern recognition. These methods are: 1 ...Read more","https://cejsh.icm.edu.pl › cejsh › element › oai-jou...",,,,,,,,,,"signal","used",,,,,,,,,,,,,"by P BANIUKIEWICZ · 2011 · Cited by 4 — tion of an IQI is obtained from a fusion signal F arising from two methods commonly used in the pattern recognition. These methods are: 1 ...Read more","172",,,"organic",
"Accelerate OT Industrial Network Segmentation","https://www.rockwellautomation.com/en-us/company/news/the-journal/accelerate-ot-industrial-network-segmentation.html","... useful for every industrial firm and critical infrastructure facility. And more. Listen on your favorite podcast app or on the web, or watch their ...Read more","https://www.rockwellautomation.com › ... › The Journal",,,,,,,,,,"useful","industrial",,,,,,,,,,,,,,"173",,,"organic",
"Europe Spatial Light Modulator Market Report","https://www.marketdataforecast.com/market-reports/europe-spatial-light-modulator-market","research and industrial application. These coordinated investments ... The optical communication segment is anticipated to witness the ...Read more","https://www.marketdataforecast.com › market-reports",,,"2026-02-26T07:00:55.893Z",,,,,,,"research","industrial","segment",,,,,,,,,,,,,"174",,,"organic",
"Image Segmentation Final | PDF","https://www.scribd.com/document/877086935/Image-Segmentation-Final","The document discusses image segmentation in computer vision, detailing its importance in analyzing images by breaking them into meaningful segments for ...Read more","https://www.scribd.com › document › Image-Segmentat...",,,,,,,,,,"segmentation","importance",,,,,,,,,,,,,,"175",,,"organic",
"Signal segmentation using changing regression models ...","https://www.sciencedirect.com/science/article/abs/pii/S1051200413001875","by TD Popescu · 2014 · Cited by 40 — In Section 3 the conceptual description of the statistical criteria for segmentation: the Maximum Likelihood (ML) and Maximum A posteriori Probability (MAP) ...Read more","https://www.sciencedirect.com › article › abs › pii",,,,,,,,,,"segmentation",,,,,,,,,,,,,,"by TD Popescu · 2014 · Cited by 40 — In Section 3 the conceptual description of the statistical criteria for segmentation: the Maximum Likelihood (ML) and Maximum A posteriori Probability (MAP) ...Read more","176",,,"organic",
"Organizational Design as Patent Cliff Strategy","https://www.pharmexec.com/view/merck-oncology-spin-out-patent-cliff-strategy","At the center of Merck's story sits Keytruda, one of the most commercially consequential oncology therapies in industry history. Keytruda ...Read more","https://www.pharmexec.com › ... › Strategy",,,"2026-02-23T19:00:55.895Z",,,,,,,"industry",,,,,,,,,,,,,,,"177",,,"organic",
"An AI-First Approach to Data Engineering with Lakeflow ...","https://www.databricks.com/blog/ai-first-approach-data-engineering-lakeflow-and-agent-bricks","After ingesting call transcripts into your pipeline, you can apply AI functions to convert unstructured text into usable signals:.Read more","https://www.databricks.com › blog › ai-first-approach-d...",,,"2026-02-24T19:00:55.896Z",,,,,,,"signals",,,,,,,,,,,,,,,"178",,,"organic",
"A Data Scientist's Guide to Signal Processing","https://www.datacamp.com/tutorial/a-data-scientists-guide-to-signal-processing","This type of filter is useful in applications where specific frequency ranges contain relevant information. ... industrial automation. It ...Read more","https://www.datacamp.com › Tutorials › Data Science",,,"2023-08-11T12:00:00.000Z",,,,,,,"useful","relevant","industrial",,,,,,,,,,,,,"179",,,"organic",
"LinkedIn Prospecting: The Only Guide You'll Ever Need","https://www.heyreach.io/blog/linkedin-prospecting","Extract the prospect's job title and role. Use LinkedIn Profile Enrichment to find current job titles, seniority, and department; Helps filter ...Read more","https://www.heyreach.io › blog › linkedin-prospecting",,,"2025-03-14T12:00:00.000Z",,,,,,,"Use LinkedIn Profile Enrichment",,,,,,,,,,,,,,,"10",,,"organic",
"How to Add Experience on LinkedIn - A Complete Guide","https://www.hyperclapper.com/blog-posts/how-to-add-experience-on-linkedin-a-complete-guide","By following this guide, you will confidently navigate the process of adding experience on LinkedIn, ensuring that your profile stands out in a competitive job ...Read more","https://www.hyperclapper.com › blog-posts › how-to-a...",,,,,,,,,,"process","LinkedIn","profile","job",,,,,,,,,,,,"11",,,"organic",
"This Linkedin Jobs Scraper Changed My Life (N8N Tutorial)","https://www.youtube.com/watch?v=DC8ftiBiP2c","In this video, I walk you through how I built a complete LinkedIn job scraping and lead generation system using N8N that changed my life and ...","YouTube › sirlifehacker",,,,,,,,,,,,,,,,,,"4 months ago",,,,,,,"12",,,"organic","4.4K+ views"
"29 LinkedIn Lead Automation Generation Strategies for 2025","https://www.leadspicker.com/articles/29-linkedin-lead-automation-generation-strategies-for-2025","We've assembled 29 proven LinkedIn lead generation techniques that help sales professionals, recruiters, and business owners turn LinkedIn into a high- ...Read more","https://www.leadspicker.com › articles › 29-linkedin-lea...",,,"2025-04-06T12:00:00.000Z",,,,,,,"LinkedIn","LinkedIn",,,,,,,,,,,,,,"13",,,"organic",
"Personalized Job Application Processes","https://www.linkedin.com/top-content/recruitment-hr/creating-a-positive-candidate-experience/personalized-job-application-processes/","Customize communications: Use details from past interactions, recruiting events, or specific job requirements to make your outreach memorable and relevant to ...Read more","https://www.linkedin.com › top-content › recruitment-hr",,,,,,,,,,"Use details from past interactions, recruiting events, or specific job requirements",,,,,,,,,,,,,,,"14",,,"organic",
"This Secret Web Scraping Technique Generates Endless ...","https://www.youtube.com/watch?v=qNOL9-npdt4","SUMMARY In this video we talk about how you can scrape any job listing sites like Indeed, Glass Door and LinkedIn to generate an unlimited ...","YouTube › Jono Catliff",,,,,,,,,,,,,,,,,,"1 year ago",,,,,,,"15",,,"organic","7.8K+ views"
"Time-Saving LinkedIn Strategies for Job Seekers","https://www.linkedin.com/top-content/recruitment-hr/maximizing-your-linkedin-presence/time-saving-linkedin-strategies-for-job-seekers/","Make small edits to your headline, about section, skills, and job titles every week to keep your LinkedIn profile fresh and discoverable by recruiters.Read more","https://www.linkedin.com › top-content › recruitment-hr",,,,,,,,,,"Make","job","every","LinkedIn profile",,,,,,,,,,,,"16",,,"organic",
"LinkedIn Event Guests Export","https://phantombuster.com/automations/linkedin/5447892918325546/linkedin-event-guests-export","Run LinkedIn Event Guests Export to extract attendee profiles from your event page. Use LinkedIn Profile Scraper to enrich profiles with job titles, company ...Read more","https://phantombuster.com › automations › linkedin-ev...",,,,,,,,,,"LinkedIn","attendee","LinkedIn Profile","enrich","job",,,,,,,,,,,"17",,,"organic",
"LinkedIn Sales Navigator API Guide (+ Best Alternative)","https://evaboot.com/blog/linkedin-sales-navigator-api","Enrich LinkedIn Profile URLs. This endpoint lets you extract structured lead data (like full name, job title, company name, and domain) from a ...Read more","https://evaboot.com › ... › Linkedin Scraping",,,"2025-07-09T12:00:00.000Z",,,,"5",,,"Enrich LinkedIn Profile URLs","job",,,,,,,,,"105",,,,,"18",,,"organic",
"The recruiter's LinkedIn playbook: How to find, attract ...","https://www.youtube.com/watch?v=RxcaOB-v-Gw","... LinkedIn playbook for attracting, engaging, and connecting with top-tier candidates. In this event, you'll discover: → How to turn your LinkedIn ...","YouTube › Recruit CRM",,,,,,,,,,,,,,,,,,"2 months ago",,,,,,,"19",,,"organic","130+ views"
"How I landed a job using LinkedIn's secret search trick","https://www.linkedin.com/posts/philiphenry19_linkedintips-jobsearchhack-careergrowth-activity-7341736429586112512-PSFN","➡️ Make sure the experience section of your LinkedIn profile has quantifiable achievements, impact, results, and not just duties. ➡️ Upload a PDF ...Read more","LinkedIn › Henry Philip",,,,,,,,,,"Make","LinkedIn profile",,,,,,,,,,,,,,"20",,,"organic",
"How to Get Contact Info From LinkedIn Without Connection","https://www.kaspr.io/blog/how-to-get-contact-info-from-linkedin-without-connection","To find the contact information, go to your prospect's LinkedIn profile. Click on the contact info button to access the information they've chosen to share.Read more","https://www.kaspr.io › blog › how-to-get-contact-info-fr...",,,"2024-04-30T12:00:00.000Z",,,,,,,"LinkedIn profile",,,,,,,,,,,,,,,"21",,,"organic",
"When a new job gets posted, the applicants who get in first ...","https://www.linkedin.com/posts/rohanmahtani_heres-a-crazy-linkedin-hack-that-will-instantly-activity-7399775056001753088-Nki6","Here's a crazy LinkedIn hack that will instantly boost your job search chances: When a new job gets posted, the applicants who get in first ...","LinkedIn › Rohan Mahtani",,,,,,,,,,"instantly boost your job search chances",,,,,,,,,,,,,,,"22",,,"organic",
"Be the First to Apply for Any Job (This LinkedIn Trick Works!)","https://www.youtube.com/watch?v=pNUVcozPjpI","I'm going to share a little known trick that will give you an unfair advantage over 99% of applicants.","YouTube › Career Growth With Lucy",,,,,,,,,,,,,,,,,,"10 months ago",,,,,,,"23",,,"organic","7K+ views"
"Leveraging LinkedIn | PDF","https://www.slideshare.net/slideshow/leveraging-linkedin-104967452/104967452?nway-content_model=D","Tips are given on creating a complete LinkedIn profile including adding experience, education, skills, recommendations, and customizing your URL and headline.Read more","https://www.slideshare.net › Career › Leveraging LinkedIn",,,,,,,,,,"Tips are given on creating a complete LinkedIn profile",,,,,,,,,,,,,,,"24",,,"organic",
"Menu of Use Cases & Workflows with Clay (by Motion)","https://www.fullfunnel.co/blog/menu-of-use-cases-workflows-with-clay-by-motion","Event/Trade Show Prep Automation: Before an event, use Clay to enrich the attendee list or RSVPs with LinkedIn profile links, notes on each ...Read more","https://www.fullfunnel.co › blog › menu-of-use-cases-w...",,,"2025-04-24T12:00:00.000Z",,,,,,,"enrich the attendee list or RSVPs with LinkedIn profile links",,,,,,,,,,,,,,,"25",,,"organic",
"Clay Lead Generation: How to Automate, Enrich, and Scale ...","https://www.salescaptain.io/blog/clay-lead-generation","Clay isn't just another database. It's a versatile tool for lead generation, combining enrichment, verification, and workflow automation.Read more","https://www.salescaptain.io › blog › clay-lead-generation",,,"2025-04-30T12:00:00.000Z",,,,,,,"Clay isn't just another database",,,,,,,,,,,,,,,"26",,,"organic",
"7 key Recruiting Metrics every Talent Acquisition team ...","https://www.hackerearth.com/blog/7-key-recruiting-metrics-every-talent-acquisition-team-should-track-a-strategic-guide","Recruitment metrics are measurable data points that provide a clear, quantitative view into the efficiency and effectiveness of the hiring ...Read more","https://www.hackerearth.com › Blog",,,"2025-11-12T12:00:00.000Z",,,,,,,,,,,,,,,,,,,,,,"27",,,"organic",
"2025 LinkedIn Guide for IT Support Managers - Headline & ...","https://www.tealhq.com/linkedin-guides/it-support-manager","This guide is designed to help you refine your LinkedIn persona, ensuring that your profile resonates with the core of what makes an IT Support Manager ...Read more","https://www.tealhq.com › it-support-manager",,,,,,,,,,"LinkedIn","profile",,,,,,,,,,,,,,"28",,,"organic",
"Personalized Job Application Processes","https://www.linkedin.com/top-content/recruitment-hr/creating-a-positive-candidate-experience/personalized-job-application-processes/","Customize communications: Use details from past interactions, recruiting events, or specific job requirements to make your outreach memorable and relevant to ...Read more","https://www.linkedin.com › top-content › recruitment-hr",,,,,,,,,,"Use details from past interactions, recruiting events, or specific job requirements",,,,,,,,,,,,,,,"29",,,"organic",
"Ultimate Guide to Search on LinkedIn [2024]","https://www.lobstr.io/blog/linkedin-search-ultimate-guide","The LinkedIn search tool is a tool that allows you to search for items from the LinkedIn database. Everything starts from a keyword.Read more","https://www.lobstr.io › blog › linkedin-search-ultimate-...",,,"2024-05-05T12:00:00.000Z",,,,,,,"LinkedIn","LinkedIn",,,,,,,,,,,,,,"30",,,"organic",
"One LinkedIn Hack That Will Get Recruiters Messaging You ...","https://www.youtube.com/watch?v=LPqRFeYW558","The one biggest thing you can do to leverage LinkedIn to get recruiters coming to you instead of wasting hours.","YouTube › TechEdKirsch",,,,,,,,,,,,,,,,,,"1 year ago",,,,,,,"31",,,"organic","370+ views"
"What is the Surfe API? | Surfe Help Center - Intercom","https://intercom.help/surfe/en/articles/12166248-what-is-the-surfe-api","Find new leads using multiple filters (e.g. job title, seniority, industry, geography). Surfe returns rich profiles, complete with LinkedIn URLs and ...Read more","https://intercom.help › surfe › articles › 12166248-what-...",,,,,,,,,,"Surfe returns rich profiles, complete with LinkedIn URLs",,,,,,,,,,,,,,,"32",,,"organic",
"How to Find Candidates on LinkedIn","https://dripify.com/how-to-find-candidates-on-linkedin/","In this section, we'll share with you some savvy strategies and steps to find candidates on LinkedIn without breaking the bank.Read more","https://dripify.com › Blog › LinkedIn Hacks",,,"2026-01-12T12:00:00.000Z",,,,,,,"LinkedIn",,,,,,,,,,,,,,,"33",,,"organic",
"LinkedIn job hacks✅✅ Must try things for job hunters...","https://www.linkedin.com/posts/99swati_linkedin-job-hacks-must-try-things-for-activity-7320430792478707712-I5xV","Apply Before Everyone Else – This LinkedIn URL Hack Is a Game-Changer⏳ Tired of applying late to job postings and never hearing back?Read more","LinkedIn › Swati Maurya",,,,,,,,,,"LinkedIn URL","job",,,,,,,,,,,,,,"34",,,"organic",
"Amazon AppFlow - User Guide","https://docs.aws.amazon.com/appflow/latest/userguide/appflow.pdf","... Create an S3 bucket ... LinkedIn Ads ..................................................................................................Read more","https://docs.aws.amazon.com › appflow › latest",,,,,,,,,,"Create","LinkedIn",,,,,,,,,,,,,,"35",,,"organic",
"4 changes you need to make in your LinkedIn profile right now ...","https://www.instagram.com/reel/DRSRsCRk3rt/?hl=en","Instead of long, messy URLs with random numbers, use a clean professional URL like this one. Don't write job seeker or list your job title.","Instagram › careerflow.ai",,,,,,,,"reel",,,,,,,,,,"3 months ago","130+ likes",,,,,,"36",,"0:45","organic",
"5 Best Survey Distribution Methods for UX Research","https://www.userinterviews.com/blog/survey-distribution-methods","Discover five proven ways to distribute UX surveys effectively—and how to choose the right method for quality responses and reliable insights.Read more","https://www.userinterviews.com › blog › survey-distrib...",,,"2025-10-10T12:00:00.000Z",,,,,,,"method",,,,,,,,,,,,,,,"37",,,"organic",
"enticing locating and engaging with others who are not ...","https://www.coursehero.com/file/p3e96bt/enticing-locating-and-engaging-with-others-who-are-not-actively-searching-for-a/","8.It has a capability for job-posting for all sorts of prospects LinkedIn makes it easy to post and share current employment opportunities.Read more","https://www.coursehero.com › ... › IT MANAGMENT",,,"2020-11-08T12:00:00.000Z",,,,"5",,,"job","all","LinkedIn","employment",,,,,,,"1",,,,,"38",,,"organic",
"InterviewIt: Turn LinkedIn Job Posts into Personalized ...","https://www.youtube.com/watch?v=1OtWElAYLLg","Stop practicing with generic questions. InterviewIt! bridges the gap between a job description and your first interview.","YouTube › Ajitesh",,,,,,,,,,,,,,,,,,"5 days ago",,,,,,,"39",,,"organic","1 view"
"Segmentation | Email Marketing Glossary","https://www.cyberimpact.com/en/glossary/email-segmentation-email-marketing/","This is useful for tailoring tone, offers, or product recommendations. Example: A clothing retailer segments by gender to send relevant product ...Read more","https://www.cyberimpact.com › glossary › email-segme...",,,"2026-01-16T12:00:00.000Z",,,,,,,"useful","relevant",,,,,,,,,,,,,,"180",,,"organic",
"Rising cyber threats expose critical need for enhanced IT ...","https://industrialcyber.co/features/rising-cyber-threats-expose-critical-need-for-enhanced-it-ot-network-segmentation/","used for segmentation – it is used ... segmentation challenges and work their way toward future-proofing industrial network segmentation.Read more","https://industrialcyber.co › features › rising-cyber-threat...",,,"2023-09-17T12:00:00.000Z",,,,,,,"used for segmentation","used","segmentation","industrial","segmentation",,,,,,,,,,,"181",,,"organic",
"What Are the Advantages of Segmentation?","https://revive.digital/blog/what-are-the-advantages-of-segmentation/","Better More Relevant Marketing Campaigns ... Segmenting markets helps you learn more about your audience. By improving the what and the where of ...Read more","https://revive.digital › Blog",,,"2020-11-23T12:00:00.000Z",,,,,,,"Relevant",,,,,,,,,,,,,,,"182",,,"organic",
"Analysis of Influence of Segmentation, Features, and ...","https://pdfs.semanticscholar.org/2d87/53eb2bfc47cc41950d0aa38189aeb247ed21.pdf","by JJAM Junior · 2020 · Cited by 32 — Only sEMG signals were used as input. Signals from 12 subjects were ... This device is widely used in gesture recognition research [46,47].Read more","https://pdfs.semanticscholar.org › ...",,,,,,,,,,"signals","used","Signals","used","research",,,,,,,,,,"by JJAM Junior · 2020 · Cited by 32 — Only sEMG signals were used as input. Signals from 12 subjects were ... This device is widely used in gesture recognition research [46,47].Read more","183",,,"organic",
"Market segmentation: a complete guide in the age of AI","https://www.optimizely.com/insights/blog/market-segmentation-a-complete-guide/","Enhancing return on investment (ROI): Resources are directed toward the most relevant customer groups, optimizing marketing spend. Enabling ...Read more","https://www.optimizely.com › Insights › Blog › 2024 › 10",,,"2024-10-09T12:00:00.000Z",,,,,,,"relevant",,,,,,,,,,,,,,,"184",,,"organic",
"What is Customer Segmentation - 5 Working Examples","https://seon.io/resources/customer-segmentation-with-data-enrichment/","In today's digital world, an increasingly relevant form of segmentation comes courtesy of the kind of tech people use. It's called technographic segmentation, ...Read more","https://seon.io › Articles",,,,,,,,,,"relevant","segmentation","segmentation",,,,,,,,,,,,,"185",,,"organic",
"Tecnotree Wins in Two Categories at Asian Telecom ...","https://www.businesswire.com/news/home/20260225387227/en/Tecnotree-Wins-in-Two-Categories-at-Asian-Telecom-Awards-2026","industry-leading innovations in AI-powered customer engagement and digital experience platforms. ... signals across the entire lifecycle ...Read more","https://www.businesswire.com › news › home › Tecnotre...",,,"2026-02-25T19:01:08.886Z",,,,,,,"industry","signals",,,,,,,,,,,,,,"186",,,"organic",
"High Pass Filters and Their Role in Semantic Image ...","https://eureka.patsnap.com/report-high-pass-filters-and-their-role-in-semantic-image-segmentation-techniques","The surveillance and security industry has also contributed significantly to the market growth of advanced image segmentation. With the ...Read more","https://eureka.patsnap.com › report-high-pass-filters-an...",,,"2025-07-28T12:00:00.000Z",,,,,,,"industry","segmentation",,,,,,,,,,,,,,"187",,,"organic",
"Stop Blending In and Start Winning Like a Challenger Bank","https://thefinancialbrand.com/news/fintech-banking/stop-blending-in-and-start-winning-like-a-challenger-bank-195898","relevance, and talkability. Fulwiler argues that banking's challenge ... For banking leaders, it shows that growth signals can be measured earlier ...Read more","https://thefinancialbrand.com › news › fintech-banking",,,"2026-02-25T19:01:08.888Z",,,,,,,"relevance","signals",,,,,,,,,,,,,,"188",,,"organic",
"Market Segmentation: Benefits, Types, and Examples","https://www.delve.ai/blog/marketing-segmentation-benefits-types","You can use marketing segmentation to zero in on your niche audience segments and hyper-personalize your marketing efforts. Companies can further utilize it in ...Read more","https://www.delve.ai › blog › marketing-segmentation-...",,,,,,,,,,"segmentation",,,,,,,,,,,,,,,"189",,,"organic",
"How To Export LinkedIn Group Members To Excel? (2026)","https://evaboot.com/blog/export-linkedin-group-members","Here is all the data you can get when you scrape and export LinkedIn Group Members with Sales Navigator and Evaboot: Profile URL; Job title; Job ...Read more","https://evaboot.com › ... › Linkedin Scraping",,,"2021-11-10T12:00:00.000Z",,,,"5",,,"all","LinkedIn","Profile URL","Job","Job",,,,,,"127",,,,,"40",,,"organic",
"How To Get More Connections on LinkedIn with ""Piggyback ...","https://www.youtube.com/watch?v=bU9B96KCppk","Check out how to get more connections on LinkedIn with this simple ""Piggyback"" LinkedIn outreach strategy to boost your connect rates!","YouTube › Cold to Gold",,,,,,,,,,,,,,,,,,"7 months ago",,,,,,,"41",,,"organic","130+ views"
"How to Use LinkedIn for Prospecting: 8 Practical Strategies ...","https://phantombuster.com/blog/social-selling/how-to-use-linkedin-for-prospecting/","Master LinkedIn prospecting with 8 actionable strategies. Learn to optimize your profile, use Sales Navigator, personalize outreach ...","https://phantombuster.com › Blog › Social Selling",,,"2025-04-21T12:00:00.000Z",,,,,,,"LinkedIn","profile",,,,,,,,,,,,,,"42",,,"organic",
"Tips for Optimizing Your Digital Presence","https://www.linkedin.com/top-content/recruitment-hr/maximizing-your-linkedin-presence/tips-for-optimizing-your-digital-presence/","Share relevant content: Post or comment regularly about your industry insights, career lessons, or interests to help build your network and keep your profile ...Read more","https://www.linkedin.com › top-content › recruitment-hr",,,,,,,,,,"career","build","profile",,,,,,,,,,,,,"43",,,"organic",
"Making Your LinkedIn Profile Recruiter-Ready (Step-by-Step ...","https://www.youtube.com/watch?v=qWk3CMGyXyk","Does your LinkedIn profile stand out to recruiters? Or are sneaky mistakes holding you back? In this final video of my LinkedIn series, ...","YouTube › Career Growth With Lucy",,,,,,,,,,,,,,,,,,"1 year ago",,,,,,,"44",,,"organic","2.3K+ views"
"How to find jobs posted in the last hour on LinkedIn","https://www.linkedin.com/posts/lastal_my-fav-method-modify-the-url-activity-7316545931892396032-I5Ny","All the best على بركة الله #careerhacks #jobsearching #recruitment #DubaiJobs #وظائف. My fav method: Modify the URL • 2 pages 2 pages.Read more","LinkedIn › Ahmad Sofian Astal",,,,,,,,,,"All","method","URL",,,,,,,,,,,,,"45",,,"organic",
"LinkedIn Profile Optimization for Job Seekers in 2026","https://www.youtube.com/watch?v=K6uO-52UHTw","THE CAREER ADVANCEMENT TOOLKIT FLASH OFFER https://professorheatheraustin.lpages.co/toolkit-youtube/ ✓ BRAND-NEW LINKEDIN PROFILE ...","YouTube › Professor Heather Austin",,,,,,,,,,,,,,,,,,"1 year ago",,,,,,,"46",,,"organic","71K+ views"
"Module3 RWA LinkedIn Digital Social Capital.docx - Real...","https://www.coursehero.com/file/253989929/Module3-RWA-LinkedIn-Digital-Social-Capitaldocx/","every second. Unlike purely social platforms, LinkedIn focuses on creating visible, trusted professional reputations, making it the perfect ...Read more","https://www.coursehero.com › ... › HRM › HRM 533",,,"2026-02-08T12:00:00.000Z",,,,,,,"every","LinkedIn","creating","making",,,,,,,,,,,,"47",,,"organic",
"Powerful Job Analytics, Easy Sharing, and More","https://www.linkedin.com/business/talent/blog/product-tips/whole-new-jobs-experience-powerful-job-analytics","9 May 2011 — We're also making it easier to post, share and manage your jobs. ... Each metric includes an anonymized list of viewers and detailed data ...Read more","https://www.linkedin.com › talent › blog › product-tips",,,"2011-05-09T12:00:00.000Z",,,,,,,"making","jobs","Each",,,,,,,,,,,,,"48",,,"organic",
"YouTube","https://www.youtube.com/watch?v=_y2aH7sg83A","Share your videos with friends, family, and the world.","YouTube › Trust Insights",,,,,,,,,,,,,,,,,,"1 year ago",,,,,,,"49",,,"organic","90+ views"
"Business service market segmentation: the case of electrical ...","https://www.emerald.com/jbim/article/14/2/151/209012/Business-service-market-segmentation-the-case-of","The study indicates the value of segmentation analysis as a planning tool for business services, which is the newest and fastest growing sector ...Read more","https://www.emerald.com › jbim › article › Business-ser...",,,"1999-05-01T12:00:00.000Z",,,,,,,"segmentation","sector",,,,,,,,,,,,,,"190",,,"organic",
"Email Marketing Segmentation: 5 Proven Strategies for 2026","https://monday.com/blog/monday-campaigns/email-segmentation/","Highly specific segments can improve relevance, but they also shrink audience size. If a segment is too small, results become noisy and ...Read more","https://monday.com › Home › monday campaigns",,,"2026-01-13T12:00:00.000Z",,,,,,,"relevance","segment",,,,,,,,,,,,,,"191",,,"organic",
"Analog And Mixed Signal Device Market Size & Share 2035","https://www.globalgrowthinsights.com/market-reports/analog-and-mixed-signal-device-market-113883","In the consumer electronics segment, around 38% of manufacturers are integrating mixed-signal components into smartphones, wearables, and IoT devices for better ...Read more","https://www.globalgrowthinsights.com › market-reports",,,,,,,,,,"segment","signal",,,,,,,,,,,,,,"192",,,"organic",
"Audience segmentation tools for smarter marketing","https://messagegears.com/resources/blog/audience-segmentation-tools/","With millions of customer records – including everything from detailed purchase histories to real-time behavioral signals – the challenge isn't ...Read more","https://messagegears.com › resources › blog › audience...",,,"2025-03-25T12:00:00.000Z",,,,,,,"signals",,,,,,,,,,,,,,,"193",,,"organic",
"Semantic segmentation for virtual-real fusion data ...","https://dl.acm.org/doi/10.1145/3704814.3704818","At the same time, the model was applied to the field of ore segmentation in non-ferrous metal process industry, and the data set provided by ...Read more","https://dl.acm.org › doi",,,"2025-01-20T12:00:00.000Z",,,,,,,"segmentation","industry",,,,,,,,,,,,,,"194",,,"organic",
"Global Gemstone Market to Reach USD 72.8 Billion by 2036","https://www.finanznachrichten.de/nachrichten-2026-02/67801958-future-market-insights-global-gemstone-market-to-reach-usd-72-8-billion-by-2036-008.htm","signals from major retail hubs, tightening supply behavior and ... colored gemstones and pearls used in jewelry and industrial applications ...Read more","https://www.finanznachrichten.de › nachrichten-2026-02",,,"2026-02-26T13:01:11.897Z",,,,,,,"signals","used","industrial",,,,,,,,,,,,,"195",,,"organic",
"Power quality disturbance signal segmentation and ...","https://ietresearch.onlinelibrary.wiley.com/doi/10.1049/gtd2.13065","by P Khetarpal · 2024 · Cited by 19 — It is initialized randomly and similarity of and is used to measure importance of each state of which is learnt jointly in training process.Read more","https://ietresearch.onlinelibrary.wiley.com › doi › gtd2",,,,,,,,,,"used","importance",,,,,,,,,,,,,"by P Khetarpal · 2024 · Cited by 19 — It is initialized randomly and similarity of and is used to measure importance of each state of which is learnt jointly in training process.Read more","196",,,"organic",
"A Complete Guide To Behavioral Segmentation","https://www.braze.com/resources/articles/guide-to-behavioral-segmentation","App rating campaigns: These types of campaigns are more effective when used with behavioral segmentation. Brands often send these campaigns to ...Read more","https://www.braze.com › Resources › Blog",,,"2025-04-17T12:00:00.000Z",,,,,,,"used","segmentation",,,,,,,,,,,,,,"197",,,"organic",
"5 Intent Data Best Practices for Improved Segmentation","https://intentsify.io/blog/5-intent-data-best-practices-for-improved-segmentation/","Not all intent signals are created equal. Identify high-intent buyers based on the strength and recency of their intent data. Consider factors ...Read more","https://intentsify.io › Blog",,,"2024-02-01T12:00:00.000Z",,,,,,,"signals",,,,,,,,,,,,,,,"198",,,"organic",
"Decoding the 7 types of Intent data","https://bombora.com/blog/7-types-of-intent-data/","This shared pool of data can include customer behaviors, content interactions, and purchasing signals across various industries, offering a ...Read more","https://bombora.com › blog › 7-types-of-intent-data",,,"2025-01-24T12:00:00.000Z",,,,,,,"signals",,,,,,,,,,,,,,,"199",,,"organic",
"Careerflow.ai posted on the topic","https://www.linkedin.com/posts/careerflow123_this-linkedin-hack-is-insane-still-hitting-activity-7331356775905902592-Z2kD","This LinkedIn hack is INSANE. Still hitting 'Apply' on job postings that have been up for weeks and wondering why you're not getting any ...","LinkedIn › Careerflow.ai",,,,,,,,,,"LinkedIn","job",,,,,,,,,,,,,,"50",,,"organic",
"HubSpot Product & Services Catalog","https://legal.hubspot.com/hubspot-product-and-services-catalog","Grants core access to all purchased products, built-in AI, and unified data through Smart CRM. Access the features available in Starter subscriptions. Access ...Read more","https://legal.hubspot.com › hubspot-product-and-services...",,,,,,,,,,"all",,,,,,,,,,,,,,,"51",,,"organic",
"LinkedIn Profile Optimization for Job Seekers in 2026","https://www.youtube.com/watch?v=K6uO-52UHTw","THE CAREER ADVANCEMENT TOOLKIT FLASH OFFER https://professorheatheraustin.lpages.co/toolkit-youtube/ ✓ BRAND-NEW LINKEDIN PROFILE ...","YouTube › Professor Heather Austin",,,,,,,,,,,,,,,,,,"1 year ago",,,,,,,"52",,,"organic","71K+ views"
"Make Your Experience Stand Out with the New ...","https://www.linkedin.com/blog/member/product/make-your-experience-stand-out-with-the-new-linkedin-experience-","Highlight all the roles you've had · To add the experience section and a position: · Tell your unique career pathway story in your profile summary · Help us help ...Read more","https://www.linkedin.com › blog › member › product",,,,,,,,,,"all","career","story","profile",,,,,,,,,,,,"53",,,"organic",
"Module3 RWA LinkedIn Digital Social Capital.docx - Real...","https://www.coursehero.com/file/253989929/Module3-RWA-LinkedIn-Digital-Social-Capitaldocx/","every second. Unlike purely social platforms, LinkedIn focuses on creating visible, trusted professional reputations, making it the perfect ...Read more","https://www.coursehero.com › ... › HRM › HRM 533",,,"2026-02-08T12:00:00.000Z",,,,,,,"every","LinkedIn","creating","making",,,,,,,,,,,,"54",,,"organic",
"Making Your LinkedIn Profile Recruiter-Ready (Step-by-Step ...","https://www.youtube.com/watch?v=qWk3CMGyXyk","Does your LinkedIn profile stand out to recruiters? Or are sneaky mistakes holding you back? In this final video of my LinkedIn series, ...","YouTube › Career Growth With Lucy",,,,,,,,,,,,,,,,,,"1 year ago",,,,,,,"55",,,"organic","2.3K+ views"
"5 Tips to Revamp Your LinkedIn Profile and Attract Recruiters","https://engineeringmanagementinstitute.org/5-tips-revamp-your-linkedin-profile-attract-recruiters/","job hunt process. All you need to do is to make four subsections in the summary section, namely: Career Highlights, Key Certifications ...Read more","https://engineeringmanagementinstitute.org › 5-tips-rev...",,,"2019-12-02T12:00:00.000Z",,,,,,,"job","process","All","make","Career",,,,,,,,,,,"56",,,"organic",
"Page 1 of 2 Ref. No.: BBL/SEC/072/2025-26 ... - Bandhan Bank","https://bandhan.bank.in/sites/default/files/2025-07/SE_AGM_Notice_AnnualReport_30072025_sd.pdf","Further, the AGM Notice and the Annual Report have been made available on the website of the Bank at https://www.bandhanbank.com/annual-reports.Read more","https://bandhan.bank.in › sites › default › files › S...",,,"2025-07-30T12:00:00.000Z",,,,,,,"website",,,,,,,,,,,,,,,"57",,,"organic",
"How to Build an Amazing Candidate Experience","https://www.linkedin.com/business/talent/blog/talent-acquisition/how-to-build-amazing-candidate-experience","1 Feb 2024 — Talk to the people — hired and otherwise — who've been through your process recently. Determine who at your company each new(ish) hire likely ...Read more","https://www.linkedin.com › blog › talent-acquisition › h...",,,"2024-02-01T12:00:00.000Z",,,,,,,"process","each",,,,,,,,,,,,,,"58",,,"organic",
"Promoting Better Career Choices for Longer Working Lives ...","https://www.oecd.org/content/dam/oecd/en/publications/reports/2024/03/promoting-better-career-choices-for-longer-working-lives_a6eaa77a/1ef9a0d0-en.pdf","This report adds to the evidence base on how often and what type of career transitions workers make as they age and on the quality of these job changes. It ...Read more","https://www.oecd.org › oecd › reports › 2024/03",,,,,,,,,,"career","make","job",,,,,,,,,,,,,"59",,,"organic",
"Deep learning-based semantic segmentation of remote ...","https://www.frontiersin.org/journals/ecology-and-evolution/articles/10.3389/fevo.2023.1201125/full","by J Lv · 2023 · Cited by 85 — All developments are a long technical accumulation. Early methods of semantic segmentation used traditional methods. With the emergence of DL, ...Read more","https://www.frontiersin.org › fevo.2023.1201125 › full",,,,,,,,,,"segmentation used",,,,,,,,,,,,,,"by J Lv · 2023 · Cited by 85 — All developments are a long technical accumulation. Early methods of semantic segmentation used traditional methods. With the emergence of DL, ...Read more","200",,,"organic",
"Semantic part segmentation of spatial features via geometric ...","https://link.springer.com/article/10.1007/s10845-023-02267-1","by P Bründl · 2024 · Cited by 16 — ... used to calculate various metrics relevant to ... research directions, solidify the broad academic and industrial relevance of this study.Read more","https://link.springer.com › article",,,,,,,,,,"used","relevant","research","industrial relevance",,,,,,,,,,,"by P Bründl · 2024 · Cited by 16 — ... used to calculate various metrics relevant to ... research directions, solidify the broad academic and industrial relevance of this study.Read more","201",,,"organic",
"What is marketing segmentation?","https://www.experian.co.uk/blogs/latest-thinking/marketing-solutions/segmentation/what-is-marketing-segmentation/","However, the ability to source and analyse the most relevant, accurate data is the key to creating actionable market segments. Data should come from multiple, ...Read more","https://www.experian.co.uk › ... › Segmentation",,,,,,,,,,"relevant",,,,,,,,,,,,,,,"202",,,"organic",
"Effective Customer Segmentation with RFM Analysis","https://medium.com/@Signalytics/effective-customer-segmentation-with-rfm-analysis-bf253966eb4b","... industry segment. ... Having insight into their purchasing habits and levels of income can become a good signal towards upselling your company's ...Read more","2 years ago",,,,,,,,,,"industry segment","good signal",,,,,,,,,,,,,,"203",,,"organic",
"Image Segmentation, Filtering, and Region Analysis","https://www.coursera.org/learn/image-segmentation","Learn new concepts from industry experts; Gain a foundational understanding of a subject or tool; Develop job-relevant skills with hands-on projects; Earn a ...Read more","https://www.coursera.org › ... › Electrical Engineering",,,,,,,,,,"industry","relevant",,,,,,,,,,,,,,"204",,,"organic",
"India Ultrasonic Aspiration Systems Repair & Maintenance ...","https://www.grandviewresearch.com/industry-analysis/india-ultrasonic-aspiration-systems-repair-maintenance-market-report","India Ultrasonic Aspiration Systems Repair & Maintenance Market Report Segmentation ... industry trends in each of the sub-segments from 2021 to 2033. For this ...Read more","https://www.grandviewresearch.com › industry-analysis",,,,,,,,,,"Segmentation","industry",,,,,,,,,,,,,,"205",,,"organic",
"What are some automations most entrepreneurs should ...","https://www.reddit.com/r/Entrepreneur/comments/1re8gdq/what_are_some_automations_most_entrepreneurs/","I have helped one of my client build unbeatable topical authority in their industry in past couple of years. ... useful to have the transcript to ...Read more","Reddit › r/Entrepreneur",,,,,,,,,"50+ comments","industry","useful",,,,,,,"1 day ago",,,,,,,"206",,,"organic",
"Accelerating agent intelligence: Cisco Secure AI Factory ...","https://blogs.cisco.com/datacenter/accelerating-agent-intelligence-cisco-secure-ai-factory-expands-with-nvidia-and-vast","level segmentation, runtime visibility, and model/MCP security. Ship AI outcomes faster, without expanding your risk surface.","https://blogs.cisco.com › Data Center",,,"2026-02-25T19:01:15.086Z",,,,,,,"segmentation",,,,,,,,,,,,,,,"207",,,"organic",
"Europe Electronic Warfare Market Size","https://www.marketdataforecast.com/market-reports/europe-electronic-warfare-market","Unlike conventional defense equipment, EW platforms handle sensitive signal intelligence and cryptographic algorithms, requiring exhaustive ...Read more","https://www.marketdataforecast.com › market-reports",,,"2026-02-26T05:01:15.087Z",,,,,,,"signal",,,,,,,,,,,,,,,"208",,,"organic",
"Multimodal signal segmentation technique based on ...","https://www.sciencedirect.com/science/article/pii/S2212827122009751","by G Masinelli · 2022 · Cited by 5 — Keywords. Manufacturing. Industry 4.0. scanning strategy. segmentation. signal ... Cookies are used by this site. Cookie Settings. All content on this site ...Read more","https://www.sciencedirect.com › science › article › pii",,,,,,,,,,"Industry","segmentation","signal","used",,,,,,,,,,,"by G Masinelli · 2022 · Cited by 5 — Keywords. Manufacturing. Industry 4.0. scanning strategy. segmentation. signal ... Cookies are used by this site. Cookie Settings. All content on this site ...Read more","209",,,"organic",
"2024-25 - Voltas","https://www.voltas.in/file-uploads/financial-snapshot/Annual-reports/VoltasAnnualReport2024-2025.pdf","history by installing eight. Crystal Air Conditioners at the then Chief Minister, Mr. Morarji. Desai's Bombay residence. Installed India's first ...Read more","https://www.voltas.in › Annual-reports › VoltasAn...",,,"2025-06-14T12:00:00.000Z",,,,,,,"history",,,,,,,,,,,,,,,"60",,,"organic",
"4 changes you need to make in your LinkedIn profile right now ...","https://www.instagram.com/reel/DRSRsCRk3rt/?hl=en","Instead of long, messy URLs with random numbers, use a clean professional URL like this one. Don't write job seeker or list your job title.","Instagram › careerflow.ai",,,,,,,,"reel",,,,,,,,,,"3 months ago","130+ likes",,,,,,"61",,"0:45","organic",
"Promoting Better Career Choices for Longer Working Lives ...","https://www.oecd.org/content/dam/oecd/en/publications/reports/2024/03/promoting-better-career-choices-for-longer-working-lives_a6eaa77a/1ef9a0d0-en.pdf","This report adds to the evidence base on how often and what type of career transitions workers make as they age and on the quality of these job changes. It ...Read more","https://www.oecd.org › oecd › reports › 2024/03",,,,,,,,,,"career","make","job",,,,,,,,,,,,,"62",,,"organic",
"Fear of violence and brain drain analysis among healthcare ...","https://pmc.ncbi.nlm.nih.gov/articles/PMC11687030/","by H Mutlu · 2024 · Cited by 6 — Another study among nurses showed that more than half wanted to migrate to other countries due to a lack of career opportunities, low wages and negative working ...Read more","https://pmc.ncbi.nlm.nih.gov › articles › PMC11687030",,,,,,,,,,"career","working",,,,,,,,,,,,,"by H Mutlu · 2024 · Cited by 6 — Another study among nurses showed that more than half wanted to migrate to other countries due to a lack of career opportunities, low wages and negative working ...Read more","63",,,"organic",
"10 Tips to Master Social Recruiting on LinkedIn","https://www.jobvite.com/blog/social-recruiting/","4) Develop a content strategy tied to your “EVP”. Social recruiting on LinkedIn isn't all about messaging candidates and posting job ...Read more","https://www.jobvite.com › blog › social-recruiting",,,"2021-10-11T12:00:00.000Z",,,,,,,"Develop","LinkedIn","all","job",,,,,,,,,,,,"64",,,"organic",
"Mandating ISO 20022 enhanced data in CHAPS","https://www.bankofengland.co.uk/paper/2024/policy-statement/mandating-iso-20022-enhanced-data-in-chaps","The Bank is planning the following expansions of its mandatory requirements on enhanced data in CHAPS payments from November 2027. Including all ...Read more","https://www.bankofengland.co.uk › policy-statement",,,"2024-04-12T12:00:00.000Z",,,,,,,"all",,,,,,,,,,,,,,,"65",,,"organic",
"LinkedIn Advanced Job Seeking Techniques","https://careercenter.indianatech.edu/wp-content/uploads/sites/15/LinkedIn-Advanced-Job-Seeking-Techniques.pdf","“1st Degree”) to someone through an “Invitation to. Connect”. “Open Networkers” Connections are usually between people who do NOT know each other. ▫ Imported ...Read more","https://careercenter.indianatech.edu › sites › Link...",,,,,,,,,,"each",,,,,,,,,,,,,,,"66",,,"organic",
"2022 Environmental, Social and Governance Report","https://www.iqvia.com/-/media/iqvia/pdfs/about-us/esg/iqvia-2022-esg-report.pdf","method used to create ... Representation: Create opportunities for Black professionals throughout the organization and at all levels of seniority.Read more","https://www.iqvia.com › iqvia-2022-esg-report",,,"2023-02-17T12:00:00.000Z",,,,,,,"method","create","Create","all","seniority",,,,,,,,,,,"67",,,"organic",
"How to attract a recruiter's attention on LinkedIn","https://aldrich.co.uk/guides/www-aldrich-co-uk-linkedin-apply-recruiter/","Make sure your LinkedIn profile is pristine · Crosscheck your profile with your CV · Use LinkedIn as a reflection of your business personality · Make use of ...Read more","https://aldrich.co.uk › Career guides",,,,,,,,,,"Make","LinkedIn profile","profile","LinkedIn","Make",,,,,,,,,,,"68",,,"organic",
"How to use LinkedIn from Scratch: Complete Guide","https://scrab.in/blog/en/use-linkedin-for-different-purposes/","Creating an attractive profile · Establish relevant connections · Participation in groups and publications.Read more","https://scrab.in › use-linkedin-for-different-purposes",,,"2023-04-13T12:00:00.000Z",,,,,,,"Creating","profile",,,,,,,,,,,,,,"69",,,"organic",
"Executive Branch State Employee Handbook - Personnel Portal","https://extranet.personnel.ky.gov/DHRA/EmployeeHandbook.pdf","All job class specifications may be found on the Personnel Cabinet's website. ... placement on the re-employment lists with all seniority rights intact). In ...Read more","https://extranet.personnel.ky.gov › DHRA › Empl...",,,,,,,,,,"All job","website","employment","all seniority",,,,,,,,,,,,"70",,,"organic",
"Prosus Annual Report 2025","https://www.prosus.com/~/media/Files/P/prosus-corp-v2/results-reports-and-events-archive/annual-report/2025/fy2025-annual-report.pdf","We have a long history of investing and building businesses, then highlighting value. It is in our DNA to look for new opportunities, see the ...Read more","https://www.prosus.com › Files › prosus-corp-v2",,,"2025-06-21T12:00:00.000Z",,,,,,,"history",,,,,,,,,,,,,,,"71",,,"organic",
"How To See LinkedIn Search History and Use It To Find ...","https://www.slideshare.net/slideshow/how-to-see-linkedin-search-history-and-use-it-to-find-relevant-candidates/267354033","The document explains how to access and manage your LinkedIn search history, which can enhance job searching and networking. It provides steps for signing ...","https://www.slideshare.net › Recruiting & HR",,,,,,,,,,"LinkedIn","history","job",,,,,,,,,,,,,"72",,,"organic",
"Virtual Inside AI Sales Agent: Automate Outreach And CRM","https://monday.com/blog/crm-and-sales/virtual-inside-ai-sales-agent/","These AI systems handle lead qualification, personalized outreach, CRM updates, and meeting coordination, all on their own. Basic automation ...Read more","https://monday.com › Home › CRM and sales",,,"2026-01-16T12:00:00.000Z",,,,,,,"all",,,,,,,,,,,,,,,"73",,,"organic",
"LinkedIn Tips Every Recruiter Should Know – Blog","https://www.amby.com/resources/blog/a-guide-to-linkedin-recruiter","Keep your profiles updated. Let's start off with the basics - profiled update. · Continuously market yourself and your company. · Join LinkedIn groups · Make and ...Read more","https://www.amby.com › resources › a-guide-to-linkedin...",,,,,,,,,,"LinkedIn","Make",,,,,,,,,,,,,,"74",,,"organic",
"Enhancing research collaboration within a large university ...","https://www.tandfonline.com/doi/full/10.1080/14703297.2023.2209064","by PM Gilmour · 2024 · Cited by 33 — Scholars agree that collaborating in research is essential to higher education, student experiences and institutional processes and performance ...Read more","https://www.tandfonline.com › ... › Volume 61, Issue 4",,,,,,,,,,"processes",,,,,,,,,,,,,,"by PM Gilmour · 2024 · Cited by 33 — Scholars agree that collaborating in research is essential to higher education, student experiences and institutional processes and performance ...Read more","75",,,"organic",
"Guide to LinkedIn Profile Optimization for Senior Pros","https://www.salesdesign.co.in/maximizing-linkedin-search-appearances-a-guide-for-senior-professionals/","To start off, make sure your profile is complete and detailed. Fill out every section, from your headshot to your work experience. And don't ...Read more","https://www.salesdesign.co.in › Blog",,,"2024-06-25T12:00:00.000Z",,,,,,,"make","profile","every",,,,,,,,,,,,,"76",,,"organic",
"LinkedIn Advanced Job Seeking Techniques","https://careercenter.indianatech.edu/wp-content/uploads/sites/15/LinkedIn-Advanced-Job-Seeking-Techniques.pdf","“1st Degree”) to someone through an “Invitation to. Connect”. “Open Networkers” Connections are usually between people who do NOT know each other. ▫ Imported ...Read more","https://careercenter.indianatech.edu › sites › Link...",,,,,,,,,,"each",,,,,,,,,,,,,,,"77",,,"organic",
"Sustainable Creative Art: Inspiration from Nature (SCIN)","https://www.ierek.com/events/sustainable-creative-art-inspiration-from-nature-scin","Emanuele Naboni, and Ahmed Farid, each exploring the intersection of creativity, biophilia, emotion, and sustainable storytelling. The day concluded with a ...Read more","https://www.ierek.com › events › sustainable-creative-art...",,,,,,,,,,"each",,,,,,,,,,,,,,,"78",,,"organic",
"2022 Environmental, Social and Governance Report","https://www.iqvia.com/-/media/iqvia/pdfs/about-us/esg/iqvia-2022-esg-report.pdf","method used to create ... Representation: Create opportunities for Black professionals throughout the organization and at all levels of seniority.Read more","https://www.iqvia.com › iqvia-2022-esg-report",,,"2023-02-17T12:00:00.000Z",,,,,,,"method","create","Create","all","seniority",,,,,,,,,,,"79",,,"organic",
"LinkedIn Training - Hack the Hiring Process - Massey","https://alumnionline.massey.ac.nz/file/webinars/LinkedIn-Training---Hack-the-Hiring-Process---Massey.pdf","STEP 3: JOB HACKER. Page 23. WHAT'S THE BIGGEST PREDICTOR OF. WHETHER YOU GET AN INTERVIEW? • A) All-Star Profile. • B) Resume Keywords. • C) Employee Referral.Read more","https://alumnionline.massey.ac.nz › file › webinars",,,,,,,,,,"JOB","All","Profile",,,,,,,,,,,,,"80",,,"organic",
"LINKEDIN: TOP 10 Tips & Tricks | Student Affairs","https://studentaffairs.jhu.edu/wp-content/uploads/sites/58/2017/08/LinkedIn_Top_10_Tips_and_Tricks.pdf","Make use of your summary by highlighting core competencies and telling your professional story and mission. In your headline. In your summary. In your job ...Read more","https://studentaffairs.jhu.edu › sites › 2017/08",,,,,,,,,,"Make","story","job",,,,,,,,,,,,,"81",,,"organic",
"Sounds interesting. How do candidates update their ...","https://news.ycombinator.com/item?id=44263310","... profile picture, set preferences, and fill in any info recruiters actually need. Once set up, they can apply to any job shared with them by a recruiter in ...Read more","https://news.ycombinator.com › item",,,,,,,,,,"profile","set up","job",,,,,,,,,,,,,"82",,,"organic",
"Career Sites: Increasing Candidate Conversions by ...","https://info.recruitics.com/blog/career-sites-increasing-candidate-conversions-by-enhancing-user-experience","Here are ten best practices to increase your career website conversions, helping you to create a compelling and memorable candidate experience.Read more","https://info.recruitics.com › blog › career-sites-increasin...",,,,,,,,,,"career website","create",,,,,,,,,,,,,,"83",,,"organic",
"how can social networks improve the recruitment process ...","https://conference.management.ase.ro/archives/2018/pdf/4_5.pdf","by RM GEORGESCU · Cited by 2 — give you the possibility to create a profile alongside a customized CV and apply to various open job ... Linkedin, New survey reveals 85% all jobs filled via ...Read more","https://conference.management.ase.ro › pdf",,,,,,,,,,"create","profile","job","Linkedin","all jobs",,,,,,,,,,"by RM GEORGESCU · Cited by 2 — give you the possibility to create a profile alongside a customized CV and apply to various open job ... Linkedin, New survey reveals 85% all jobs filled via ...Read more","84",,,"organic",
"Nurse Motivation, Engagement and Well-Being before an ...","https://www.mdpi.com/1660-4601/18/5/2726","by RM Jedwab · 2021 · Cited by 64 — Implementation of an electronic medical record (EMR) is a significant workplace event for nurses in hospitals. Understanding nurses' key concerns can inform ...","https://www.mdpi.com › ...",,,,,,,,,,"record",,,,,,,,,,,,,,"by RM Jedwab · 2021 · Cited by 64 — Implementation of an electronic medical record (EMR) is a significant workplace event for nurses in hospitals. Understanding nurses' key concerns can inform ...","85",,,"organic",
"5 Best Survey Distribution Methods for UX Research","https://www.userinterviews.com/blog/survey-distribution-methods","Professional: Job title, industry, seniority, company size. Products ... Consent status, privacy flags, participant history, and incentive history ...Read more","https://www.userinterviews.com › blog › survey-distrib...",,,"2025-10-10T12:00:00.000Z",,,,,,,"Job","seniority","participant history","history",,,,,,,,,,,,"86",,,"organic",
"FINAL REPORT SELF-STUDY UNDERGRADUATE AND ...","https://www.wku.edu/publichealth/selfstudy2016.pdf","Each committee created a set of policies and procedures that were brought ... job search process, our mission has expanded to include career.Read more","https://www.wku.edu › publichealth › selfstudy2016",,,"2016-02-10T12:00:00.000Z",,,,,,,"Each","created","procedures","job","process","career",,,,,,,,,,"87",,,"organic",
"MA Human Resource Management Dissertation","https://norma.ncirl.ie/9025/1/prabhusureshkumar.pdf","by P Sureshkumar · 2025 — The purpose of this chapter is fourfold: (1) to trace the conceptual and historical development of. AI applications in recruitment and talent ...Read more","https://norma.ncirl.ie › prabhusureshkumar",,,,,,,,,,"historical",,,,,,,,,,,,,,"by P Sureshkumar · 2025 — The purpose of this chapter is fourfold: (1) to trace the conceptual and historical development of. AI applications in recruitment and talent ...Read more","88",,,"organic",
"Code Review is just reviewing code? A qualitative study ...","https://dl.acm.org/doi/pdf/10.1145/3474624.3477063","by A Cunha · 2021 · Cited by 23 — We also found other important aspects such as identification of Cognitive Empathy and Career Development related to the MCR process. This ...Read more","https://dl.acm.org › doi › pdf",,,,,,,,,,"Career","process",,,,,,,,,,,,,"by A Cunha · 2021 · Cited by 23 — We also found other important aspects such as identification of Cognitive Empathy and Career Development related to the MCR process. This ...Read more","89",,,"organic",
"Global Gemstone Market to Reach USD 72.8 Billion by 2036","https://www.finanznachrichten.de/nachrichten-2026-02/67801958-future-market-insights-global-gemstone-market-to-reach-usd-72-8-billion-by-2036-008.htm","signals from major retail hubs, tightening supply behavior and ... colored gemstones and pearls used in jewelry and industrial applications ...Read more","https://www.finanznachrichten.de › nachrichten-2026-02",,,"2026-02-26T13:01:22.385Z",,,,,,,"signals","used","industrial",,,,,,,,,,,,,"210",,,"organic",
"Segmentation-enhanced approach for emotion detection ...","https://www.nature.com/articles/s41598-025-17220-w","by MA Mahmood · 2025 · Cited by 2 — ... importance of kernel choice in achieving good ... used to confirm the effectiveness of the framework for detecting emotions from EEG signals.Read more","https://www.nature.com › scientific reports › articles",,,,,,,,,,"importance","good","used","signals",,,,,,,,,,,"by MA Mahmood · 2025 · Cited by 2 — ... importance of kernel choice in achieving good ... used to confirm the effectiveness of the framework for detecting emotions from EEG signals.Read more","211",,,"organic",
"Four segmentation methods in marketing","https://www.experian.com/blogs/marketing-forward/four-segmentation-methods-in-marketing/","With segmentation, you can identify your target audience, speak to their needs, and deliver the right message at the right moment. Companies ...Read more","https://www.experian.com › blogs › four-segmentation-...",,,"2025-08-14T12:00:00.000Z",,,,,,,"segmentation",,,,,,,,,,,,,,,"212",,,"organic",
"A Systematic Review on Advancement of Image ...","https://www.mdpi.com/2079-9292/14/5/974","by MM Rahman · 2025 · Cited by 11 — First, it synthesizes the latest research to provide a valuable resource for academia and industry. ... A systematic approach was used to include relevant and ...Read more","https://www.mdpi.com › ...",,,,,,,,,,"research","industry","used","relevant",,,,,,,,,,,"by MM Rahman · 2025 · Cited by 11 — First, it synthesizes the latest research to provide a valuable resource for academia and industry. ... A systematic approach was used to include relevant and ...Read more","213",,,"organic",
"What is Data Segmentation in Machine Learning?","https://www.geeksforgeeks.org/machine-learning/what-is-data-segmentation-in-machine-learning/","This allows for more individualized advice, focused marketing strategies, and happier customers. Image segmentation: is a technique used in ...","https://www.geeksforgeeks.org › machine-learning › w...",,,"2025-07-23T12:00:00.000Z",,,,,,,"segmentation","used",,,,,,,,,,,,,,"214",,,"organic",
"Effective Customer Segmentation with RFM Analysis","https://medium.com/@Signalytics/effective-customer-segmentation-with-rfm-analysis-bf253966eb4b","... industry segment. ... Having insight into their purchasing habits and levels of income can become a good signal towards upselling your company's ...Read more","2 years ago",,,,,,,,,,"industry segment","good signal",,,,,,,,,,,,,,"215",,,"organic",
"From Piano Bar to Future of Medical Imaging","https://www.linkedin.com/posts/dan-sodickson-44a9665_the-future-of-seeing-how-imaging-is-changing-activity-7431115109424377856-LMLe","... industry, AI steadily eroding what people used to do in the physical world. ... segmentation and denoising to the early steps toward truly ...Read more","LinkedIn › Dan Sodickson",,,,,,,,,,"industry","used","segmentation",,,,,,,,,,,,,"216",,,"organic",
"India Ultrasonic Aspiration Systems Repair & Maintenance ...","https://www.grandviewresearch.com/industry-analysis/india-ultrasonic-aspiration-systems-repair-maintenance-market-report","India Ultrasonic Aspiration Systems Repair & Maintenance Market Report Segmentation ... industry trends in each of the sub-segments from 2021 to 2033. For this ...Read more","https://www.grandviewresearch.com › industry-analysis",,,,,,,,,,"Segmentation","industry",,,,,,,,,,,,,,"217",,,"organic",
"What are some automations most entrepreneurs should ...","https://www.reddit.com/r/Entrepreneur/comments/1re8gdq/what_are_some_automations_most_entrepreneurs/","I have helped one of my client build unbeatable topical authority in their industry in past couple of years. ... useful to have the transcript to ...Read more","Reddit › r/Entrepreneur",,,,,,,,,"50+ comments","industry","useful",,,,,,,"1 day ago",,,,,,,"218",,,"organic",
"Multimodal signal segmentation technique based on ...","https://www.sciencedirect.com/science/article/pii/S2212827122009751","by G Masinelli · 2022 · Cited by 5 — Keywords. Manufacturing. Industry 4.0. scanning strategy. segmentation. signal ... Cookies are used by this site. Cookie Settings. All content on this site ...Read more","https://www.sciencedirect.com › science › article › pii",,,,,,,,,,"Industry","segmentation","signal","used",,,,,,,,,,,"by G Masinelli · 2022 · Cited by 5 — Keywords. Manufacturing. Industry 4.0. scanning strategy. segmentation. signal ... Cookies are used by this site. Cookie Settings. All content on this site ...Read more","219",,,"organic",
"Enhance Your LinkedIn | PDF | Linked In | World Wide Web","https://www.scribd.com/document/859577990/Enhance-Your-LinkedIn","All Rights Reserved. Use the experience section to tell your story. LinkedIn is not a job board, so your profile doesn't have ...Read more","https://www.scribd.com › document › Enhance-Your-L...",,,,,,,,,,"All","story","LinkedIn","job","profile",,,,,,,,,,,"90",,,"organic",
"LinkedIn Company Pages get a refresh with new content ...","https://martech.org/linkedin-company-pages-get-a-refresh-with-new-content-suggestion-tool-ways-to-engage-employees/","job function, or seniority level. Admins will also be able to add ... Contributing authors are invited to create content for MarTech ...Read more","https://martech.org › Performance marketing",,,"2018-11-13T12:00:00.000Z",,,,,,,"job","seniority","create",,,,,,,,,,,,,"91",,,"organic",
"The Secret Hack You Can Use On LinkedIn To Help ...","https://www.workitdaily.com/secret-hack-linkedin-help-recruiters","Are you showcasing the right skill sets? Do you have enough keywords on your profile? If not, you're making it harder for recruiters to find you.Read more","https://www.workitdaily.com › secret-hack-linkedin-help...",,,,,,,,,,"profile","making",,,,,,,,,,,,,,"92",,,"organic",
"Building leading companies","https://www.naspers.com/~/media/Files/N/Naspers-Corp-V2/investor/results-reports-events/results-reports-and-events-archive/financial-results/full-year/2020/2020-annual-report.pdf","the jobs they create, the products and services they provide, the ... car history reports per month. Investing further in convenience.Read more","https://www.naspers.com › 2020-annual-report",,,"2020-06-29T12:00:00.000Z",,,,,,,"jobs","create","history","per",,,,,,,,,,,,"93",,,"organic",
"Most Successful Candidate Outreach Tips","https://dishertalent.com/blog/most-successful-candidate-outreach-tips/","Candidate outreach is every proactive touch you make to start a conversation with someone who hasn't applied yet, whether that's email, LinkedIn ...Read more","https://dishertalent.com › blog › most-successful-candid...",,,"2025-12-11T12:00:00.000Z",,,,,,,"every","make","LinkedIn",,,,,,,,,,,,,"94",,,"organic",
"40 Listing Manager Jobs in Ahmedabad, Feb","https://internshala.com/jobs/listing-manager-jobs-in-ahmedabad/","Youre a great fit if you:Are fluent in Gujarati and English (reading, writing, and speaking).Have experience in teaching, content creation, or curriculum ...Read more","https://internshala.com › Jobs › Listing Manager Jobs",,,,,,,"4.2",,,"creation",,,,,,,,,,,,,,,"95",,,"organic",
"Jobs at Bayer","http://talent.bayer.com/careers","Join Bayer as we strive for a world where Health for all, Hunger for none is a real possibility. Explore our open roles and contribute to a better future.","http://talent.bayer.com › careers",,,,,,,,,,"all",,,,,,,,,,,,,,,"96",,,"organic",
"Master LinkedIn X-Ray Search Techniques for Recruiters","https://www.joinvalley.co/blog/linkedin-xray-search-techniques-recruiters","Learn how to use LinkedIn X-Ray Search techniques to improve your recruiting process. Discover tools and strategies to find top talent more swiftly.","https://www.joinvalley.co › blog › linkedin-xray-search...",,,,,,,,,,"LinkedIn","process",,,,,,,,,,,,,,"97",,,"organic",
"ciklum's terms & conditions of use","https://www.ciklum.com/terms-of-use/","BY USING THIS WEBSITE, YOU ARE DEEMED TO HAVE AGREED TO THESE TERMS AND CONDITIONS AND OUR PRIVACY POLICY, WHICH IS INCORPORATED HEREIN BY REFERENCE. WE RESERVE ...Read more","https://www.ciklum.com › terms-of-use",,,,,,,,,,"WEBSITE",,,,,,,,,,,,,,,"98",,,"organic",
"Attract Employers with Your LinkedIn Profile","https://legiit.com/blog/attract-employers-linkedin-profile","LinkedIn marketing strategies can really help boost employer engagement and visibility during a job search. Here are some tips to use the platform effectively:.Read more","https://legiit.com › blog › attract-employers-linkedin-pr...",,,,,,,,,,"LinkedIn","job",,,,,,,,,,,,,,"99",,,"organic",
"From Piano Bar to Future of Medical Imaging","https://www.linkedin.com/posts/dan-sodickson-44a9665_the-future-of-seeing-how-imaging-is-changing-activity-7431115109424377856-LMLe","... industry, AI steadily eroding what people used to do in the physical world. ... segmentation and denoising to the early steps toward truly ...Read more","LinkedIn › Dan Sodickson",,,,,,,,,,"industry","used","segmentation",,,,,,,,,,,,,"220",,,"organic",
"What are some automations most entrepreneurs should ...","https://www.reddit.com/r/Entrepreneur/comments/1re8gdq/what_are_some_automations_most_entrepreneurs/","I have helped one of my client build unbeatable topical authority in their industry in past couple of years. ... useful to have the transcript to ...Read more","Reddit › r/Entrepreneur",,,,,,,,,"50+ comments","industry","useful",,,,,,,"1 day ago",,,,,,,"221",,,"organic",
"Image Segmentation - an overview","https://www.sciencedirect.com/topics/computer-science/image-segmentation","The major goal of segmentation is to analyze the images so that one can do feature extraction from the image data. The image segmentation process can be ...Read more","https://www.sciencedirect.com › topics › computer-science",,,,,,,,,,"segmentation","segmentation",,,,,,,,,,,,,,"222",,,"organic",
"Introduction Fundamentals | PDF | Image Segmentation","https://www.scribd.com/document/868717121/Introduction-Fundamentals","Image Segmentation History of DIP •1980s - Today: The use of digital image processing techniques has exploded and they are now used for all kinds of tasks ...Read more","https://www.scribd.com › document › Introduction-Fun...",,,,,,,,,,"Segmentation","used",,,,,,,,,,,,,,"223",,,"organic",
"Europe Electronic Warfare Market Size","https://www.marketdataforecast.com/market-reports/europe-electronic-warfare-market","Unlike conventional defense equipment, EW platforms handle sensitive signal intelligence and cryptographic algorithms, requiring exhaustive ...Read more","https://www.marketdataforecast.com › market-reports",,,"2026-02-26T05:01:25.420Z",,,,,,,"signal",,,,,,,,,,,,,,,"224",,,"organic",
"Significance of Enhancement Technique In Segmentation ...","https://www.researchgate.net/publication/354345000_Significance_of_Enhancement_Technique_In_Segmentation_of_Image_and_Signal_A_Review_of_the_literature","signal enhancement, the importance of signal ... What is signal processing? Signal processing encompasses the artificial signal in a useful ...Read more","https://www.researchgate.net › ... › Images",,,"2025-09-02T12:00:00.000Z",,,,,,,"signal","importance","signal","signal","Signal","signal","useful",,,,,,,,,"225",,,"organic",
"Anomaly Detection Using Signal Segmentation and One ...","https://pmc.ncbi.nlm.nih.gov/articles/PMC8200057/","by K Chang · 2021 · Cited by 19 — During the fabrication process, a fault detection and classification (FDC) system is commonly used to detect faults in semiconductor ...Read more","https://pmc.ncbi.nlm.nih.gov › articles › PMC8200057",,,,,,,,,,"used",,,,,,,,,,,,,,"by K Chang · 2021 · Cited by 19 — During the fabrication process, a fault detection and classification (FDC) system is commonly used to detect faults in semiconductor ...Read more","226",,,"organic",
"Deep Learning in Object Recognition, Detection, and ...","https://dl.acm.org/doi/10.1561/2000000071","by X Wang · 2016 · Cited by 161 — On the segmentation side, thearticle discusses the most recent progress on scene labeling, semantic segmentation, face parsing, human parsing and saliency ...Read more","https://dl.acm.org › doi",,,,,,,,,,"segmentation","segmentation",,,,,,,,,,,,,"by X Wang · 2016 · Cited by 161 — On the segmentation side, thearticle discusses the most recent progress on scene labeling, semantic segmentation, face parsing, human parsing and saliency ...Read more","227",,,"organic",
"Giant Magnetoresistance Sensors Market Fueled by ...","https://www.indexbox.io/blog/giant-magnetoresistance-sensors-market-driven-by-ev-motor-control-demand-to-2035/","By 2035, the segment will be dominated by integrated, safety-certified (ASIL) sensor modules that combine GMR elements with signal conditioning ...Read more","https://www.indexbox.io › blog › giant-magnetoresistan...",,,"2026-02-25T22:01:25.489Z",,,,,,,"segment","signal",,,,,,,,,,,,,,"228",,,"organic",
"Power quality disturbance signal segmentation and ...","https://ietresearch.onlinelibrary.wiley.com/doi/10.1049/gtd2.13065","by P Khetarpal · 2024 · Cited by 19 — It is initialized randomly and similarity of and is used to measure importance of each state of which is learnt jointly in training process.Read more","https://ietresearch.onlinelibrary.wiley.com › doi › gtd2",,,,,,,,,,"used","importance",,,,,,,,,,,,,"by P Khetarpal · 2024 · Cited by 19 — It is initialized randomly and similarity of and is used to measure importance of each state of which is learnt jointly in training process.Read more","229",,,"organic",
"e-learning influence in developing future employment skills","https://bura.brunel.ac.uk/bitstream/2438/25350/1/FulltextThesis.pdf","by M Mohammed Al-Farsi · 2022 · Cited by 4 — E-learning is a relatively recent concept as an educational system that enhances students' learning and teaching environments by making them more functional ...Read more","https://bura.brunel.ac.uk › bitstream › FulltextThesis",,,,,,,,,,"making",,,,,,,,,,,,,,"by M Mohammed Al-Farsi · 2022 · Cited by 4 — E-learning is a relatively recent concept as an educational system that enhances students' learning and teaching environments by making them more functional ...Read more","100",,,"organic",
"Privacy statement | EY Norge","https://www.ey.com/no_no/legal-and-privacy/privacy-statement","... job application via the EY careers website. Alternatively, we process ... seniority, job title and location. As soon as a LinkedIn member submits a ...Read more","https://www.ey.com › no_no › legal-and-privacy › priv...",,,,,,,,,,"job","careers website","process","seniority","job","LinkedIn",,,,,,,,,,"101",,,"organic",
"How we do candidate outreach on LinkedIn (+InMail templates)","https://www.juggl.co/articles/hiring-play-4-10-the-art-of-candidate-outreach-with-short-and-sweet-message-templates","You can include the job opportunities in the candidate outreach messages, and make them more actionable. ... build a lasting method to attract top ...Read more","https://www.juggl.co › articles › hiring-play-4-10-the-a...",,,"2025-02-25T12:00:00.000Z",,,,,,,"job","make","build","method",,,,,,,,,,,,"102",,,"organic",
"Attract Employers with Your LinkedIn Profile","https://legiit.com/blog/attract-employers-linkedin-profile","LinkedIn marketing strategies can really help boost employer engagement and visibility during a job search. Here are some tips to use the platform effectively:.Read more","https://legiit.com › blog › attract-employers-linkedin-pr...",,,,,,,,,,"LinkedIn","job",,,,,,,,,,,,,,"103",,,"organic",
"Summary","https://www.gruppoiren.it/content/dam/iren/documents/en/sustainability-report/2023/IREN_BdS2023_EN_20240429.pdf","process digitalisation, highly scalable with the immediate integration of all the entities acquired. ... It means working daily to build a ...Read more","https://www.gruppoiren.it › sustainability-report",,,"2024-04-29T12:00:00.000Z",,,,,,,"process","all","working","build",,,,,,,,,,,,"104",,,"organic",
"Women Whistleblowers: Examining parrhesia, power and ...","https://journals.sagepub.com/doi/10.1177/01708406231187073","by K Kenny · 2024 · Cited by 21 — With a sensitivity to gender and power, we analyse the subject positions articulated by senior women whistleblowers working in a male-dominated sector, ...Read more","https://journals.sagepub.com › doi",,,,,,,,,,"working",,,,,,,,,,,,,,"by K Kenny · 2024 · Cited by 21 — With a sensitivity to gender and power, we analyse the subject positions articulated by senior women whistleblowers working in a male-dominated sector, ...Read more","105",,,"organic",
"3 New Ways to Use LinkedIn in Your Recruitment Effort","https://www.fickewirth.com/cmsAdmin/uploads/pressroom/3-new-ways-to-use-linkedin-in-your-recruitment-effort.pdf","Instead of weeding through applications only to find out the candidate is all wrong for the job in the interview, endorsed skills can give you the ...Read more","https://www.fickewirth.com › uploads › pressroom",,,,,,,,,,"all","job",,,,,,,,,,,,,,"106",,,"organic",
"How to use LinkedIn to Improve Your Recruitment Process","https://www.thehrdigest.com/how-to-use-linkedin-to-improve-your-recruitment-process/","Learn how to use LinkedIn's features such as InMail, Referrals and LinkedIn Job Postings to improve your recruitment strategy.","https://www.thehrdigest.com › Strategy › Recruitment",,,"2020-04-03T12:00:00.000Z",,,,,,,"LinkedIn's","LinkedIn Job",,,,,,,,,,,,,,"107",,,"organic",
"All-Star LinkedIn Users Are 40 Times More Likely to Get ...","https://www.themuse.com/advice/allstar-linkedin-users-are-40-times-more-likely-to-get-contactedheres-how-to-score-that-rating","Two past positions; Education; Skills (minimum of three); Profile photo; At least 50 connections. Filling in these fields is only the ...Read more","https://www.themuse.com › advice › allstar-linkedin-us...",,,"2020-06-19T12:00:00.000Z",,,,,,,"Profile",,,,,,,,,,,,,,,"108",,,"organic",
"Exploring the Career Trajectories of Women of Color HR ...","https://digitalcommons.acu.edu/context/etd/article/1778/viewcontent/Brandi_Munoz_EdD_dissertation_Final_2024_April_1.pdf","by BR Muñoz · Cited by 6 — Chapter 2 highlights past and current research regarding gendered racism in the workplace and the history of feminist movements and thought in ...Read more","https://digitalcommons.acu.edu › etd › viewcontent",,,,,,,,,,"history",,,,,,,,,,,,,,"by BR Muñoz · Cited by 6 — Chapter 2 highlights past and current research regarding gendered racism in the workplace and the history of feminist movements and thought in ...Read more","109",,,"organic",
"Spotted: Data-Driven Lead Generation Strategies","https://www.hull.io/blog/lead-generation.html","Some teams enrich all their leads to identify best-fit leads before they show intent. By segmenting out these companies and creating hyper- ...Read more","https://www.hull.io › blog › lead-generation",,,"2019-03-05T12:00:00.000Z",,,,,,,"enrich all","creating",,,,,,,,,,,,,,"110",,,"organic",
"LBS MBA Admissions & Related Blogs : LBS - Page 9","https://gmatclub.com/forum/expert-advice-for-lbs-from-admissions-consultant-blogs-209062-160.html","The [url=https://www.london.edu/masters-degrees/masters-in-finance-part-time]Masters in Finance (MiF)[/url] programme at LBS is distinguished ...Read more","https://gmatclub.com › forum › expert-advice-for-lbs-fr...",,,"2015-11-24T12:00:00.000Z",,,,,,,"url","url",,,,,,,,,,,,,,"111",,,"organic",
"Impact of AI Personalization on Email Clicks and ...","https://studenttheses.uu.nl/bitstream/handle/20.500.12932/48815/Thesis_redacted.pdf?sequence=1&isAllowed=y","by M Brachten · 2025 — ... job titles, a recoding process was per- ... The results revealed a strong positive correlation between job seniority and link clicks (ρ = 0.9643, ...Read more","https://studenttheses.uu.nl › Thesis_redacted",,,,,,,,,,"job","process","per","job seniority","link",,,,,,,,,,"by M Brachten · 2025 — ... job titles, a recoding process was per- ... The results revealed a strong positive correlation between job seniority and link clicks (ρ = 0.9643, ...Read more","112",,,"organic",
"MUSIC BROADCAST LIMITED","https://jplcorp.in/new/pdf/Music_Broadcast_Limited-Annual_Report_2022-23.pdf","Members may note that the Notice and Annual Report. 2022-23 will also be available on the Company's website www.radiocity.in, websites of the ...Read more","https://jplcorp.in › new › pdf › Music_Broadcast_...",,,"2023-08-18T12:00:00.000Z",,,,,,,"website",,,,,,,,,,,,,,,"113",,,"organic",
"Steal this LinkedIn strategy to get recruiters blowing up your ...","https://www.youtube.com/watch?v=WH_2PNwkT3E","Stop Applying. Start Getting Headhunted (With the LinkedIn SEO Strategy) Are you tired of sending out hundreds of job applications only to ...","YouTube › Career Growth With Lucy",,,,,,,,,,,,,,,,,,"1 month ago",,,,,,,"114",,,"organic","23.4K+ views"
"If I had to start my job search from scratch right now, here's ...","https://x.com/randomrecruiter/status/1747273971777917220?lang=ar-x-fm","I'd call on all of my previous colleagues and managers to see if they could refer me into their company, or make any other intros. They know my ...Read more","X › randomrecruiter",,,,,,,,,,"all","make",,,,,,,,,,,,,,"115",,,"organic",
"AI + LinkedIn Job Hacks for Career Coaches","https://www.thejobinsiders.com/blog","How MANY students is the average career coach expected to serve? 100? 1,000??? Try 2,000.. So what's a dedicated coach to do??? Turns out we all have ...Read more","https://www.thejobinsiders.com › blog",,,,,,,,,,"career","all",,,,,,,,,,,,,,"116",,,"organic",
"Who is Yash Maheshwari? Discover Their Role as Member","https://www.highperformr.ai/people/yash-maheshwari-cse08","... LinkedIn activity, job changes, and more — all in one powerful view. Highperformr AI helps you surface the right people and enrich your CRM with live ...Read more","https://www.highperformr.ai › people › yash-maheshwa...",,,,,,,,,,"LinkedIn","job","all","enrich",,,,,,,,,,,,"117",,,"organic",
"Insights and experiences - MUFG","https://mufgcampus.com/our-people/?insights","When I applied for the summer internship at MUFG in the Debt Capital Markets (DCM) division, I knew I wanted to build a career in ...Read more","https://mufgcampus.com › our-people › insights",,,,,,,,,,"build","career",,,,,,,,,,,,,,"118",,,"organic",
"Careerflow.ai posted on the topic","https://www.linkedin.com/posts/careerflow123_this-linkedin-hack-is-insane-still-hitting-activity-7331356775905902592-Z2kD","This LinkedIn hack is INSANE. Still hitting 'Apply' on job postings that have been up for weeks and wondering why you're not getting any ...","LinkedIn › Careerflow.ai",,,,,,,,,,"LinkedIn","job",,,,,,,,,,,,,,"119",,,"organic",
"Deep learning-based image segmentation for instantaneous ...","https://link.springer.com/article/10.1007/s00348-024-03814-z","by RM Strässle · 2024 · Cited by 14 — ... used for DL methods and are therefore not relevant to this comparison. ... segmentation methods for industrial burner flames''. Energies 14 ...Read more","https://link.springer.com › Experiments in Fluids",,,,,,,,,,"used","relevant","segmentation","industrial",,,,,,,,,,,"by RM Strässle · 2024 · Cited by 14 — ... used for DL methods and are therefore not relevant to this comparison. ... segmentation methods for industrial burner flames''. Energies 14 ...Read more","230",,,"organic",
"Importance Of Image Segmentation In Investment ...","https://fastercapital.com/topics/importance-of-image-segmentation-in-investment-forecasting.html/1","- Cleaner Financial Charts: Consider stock price charts. Accurate segmentation ensures that the plotted lines (representing stock prices) stand out clearly ...Read more","https://fastercapital.com › topics › importance-of-image...",,,,,,,,,,"segmentation",,,,,,,,,,,,,,,"231",,,"organic",
"Enhancing generative networks for chest anomaly ...","https://www.nature.com/articles/s41598-026-39979-2","relevance in the absence of pixel-level ground truth, we further ... Selvan, R. et al. Lung segmentation from chest x-rays using variational data ...Read more","https://www.nature.com › scientific reports › articles",,,"2026-02-26T14:01:29.494Z",,,,,,,"relevance","segmentation",,,,,,,,,,,,,,"232",,,"organic",
"Can popups actually improve UX? Only if they convert ...","https://www.reddit.com/r/Emailmarketing/comments/1refw3a/can_popups_actually_improve_ux_only_if_they/","Exit-intent with a discount makes sense as an abandoned cart recovery lever, but the real signal in your test is whether the offer was relevant, ...Read more","Reddit › r/Emailmarketing",,,,,,,,,"10+ comments","signal","relevant",,,,,,,"1 day ago",,,,,,,"233",,,"organic",
"Land Degradation & Development | Environmental & Soil ...","https://onlinelibrary.wiley.com/doi/10.1002/ldr.70525?af=R","After atomization is achieved in an argon environment, a special As hollow cathode lamp is used to excite the fluorescence signal, and the ...Read more","https://onlinelibrary.wiley.com › doi › ldr",,,"2026-02-26T10:01:29.495Z",,,,,,,"used","signal",,,,,,,,,,,,,,"234",,,"organic",
"Image Segmentation - an overview","https://www.sciencedirect.com/topics/computer-science/image-segmentation","The major goal of segmentation is to analyze the images so that one can do feature extraction from the image data. The image segmentation process can be ...Read more","https://www.sciencedirect.com › topics › computer-science",,,,,,,,,,"segmentation","segmentation",,,,,,,,,,,,,,"235",,,"organic",
"(PDF) A novel signal segmentation method based on ...","https://www.researchgate.net/publication/265787133_A_novel_signal_segmentation_method_based_on_standard_deviation_and_variable_threshold","PDF | Decomposition of non-stationary signals such as electroencephalogram (EEG) and electrocardiogram (ECG) into stationary or ...","https://www.researchgate.net › publication › 26578713...",,,"2025-08-07T12:00:00.000Z",,,,,,,"signals",,,,,,,,,,,,,,,"236",,,"organic",
"A lightweight crack segmentation network based on the ... - PMC","https://pmc.ncbi.nlm.nih.gov/articles/PMC12644605/","by Y Wang · 2025 — ... signals compatible with SSM. Specifically, for a discrete time ... relevance of this feature block to the segmentation task. We sort ...Read more","https://pmc.ncbi.nlm.nih.gov › articles › PMC12644605",,,,,,,,,,"signals","relevance","segmentation",,,,,,,,,,,,"by Y Wang · 2025 — ... signals compatible with SSM. Specifically, for a discrete time ... relevance of this feature block to the segmentation task. We sort ...Read more","237",,,"organic",
"PrecTime: A Deep Learning Architecture for Precise Time ...","https://arxiv.org/pdf/2302.10182","by S Gaugel · 2023 · Cited by 35 — The proposed architecture is a general-purpose framework for time series segmentation that can be used for various industrial applications ...Read more","https://arxiv.org › pdf",,,,,,,,,,"segmentation","used","industrial",,,,,,,,,,,,"by S Gaugel · 2023 · Cited by 35 — The proposed architecture is a general-purpose framework for time series segmentation that can be used for various industrial applications ...Read more","238",,,"organic",
"Technology Node, Packaging Type, and End-Use ...","https://www.linkedin.com/pulse/technology-node-packaging-type-end-use-segmentation-insights-paosc/","The Signal Diode Market segmentation encompasses various factors, including product type, technology node, wafer size, material composition, ...Read more","LinkedIn › DataViz",,,,,,,,,,"Signal","segmentation",,,,,,"2 weeks ago",,,,,,,,"239",,,"organic",
"Most Successful Candidate Outreach Tips","https://dishertalent.com/blog/most-successful-candidate-outreach-tips/","Candidate outreach is every proactive touch you make to start a conversation with someone who hasn't applied yet, whether that's email, LinkedIn ...Read more","https://dishertalent.com › blog › most-successful-candid...",,,"2025-12-11T12:00:00.000Z",,,,,,,"every","make","LinkedIn",,,,,,,,,,,,,"120",,,"organic",
"40 Listing Manager Jobs in Ahmedabad, Feb","https://internshala.com/jobs/listing-manager-jobs-in-ahmedabad/","Youre a great fit if you:Are fluent in Gujarati and English (reading, writing, and speaking).Have experience in teaching, content creation, or curriculum ...Read more","https://internshala.com › Jobs › Listing Manager Jobs",,,,,,,"4.2",,,"creation",,,,,,,,,,,,,,,"121",,,"organic",
"ciklum's terms & conditions of use","https://www.ciklum.com/terms-of-use/","BY USING THIS WEBSITE, YOU ARE DEEMED TO HAVE AGREED TO THESE TERMS AND CONDITIONS AND OUR PRIVACY POLICY, WHICH IS INCORPORATED HEREIN BY REFERENCE. WE RESERVE ...Read more","https://www.ciklum.com › terms-of-use",,,,,,,,,,"WEBSITE",,,,,,,,,,,,,,,"122",,,"organic",
"Master LinkedIn X-Ray Search Techniques for Recruiters","https://www.joinvalley.co/blog/linkedin-xray-search-techniques-recruiters","Learn how to use LinkedIn X-Ray Search techniques to improve your recruiting process. Discover tools and strategies to find top talent more swiftly.","https://www.joinvalley.co › blog › linkedin-xray-search...",,,,,,,,,,"LinkedIn","process",,,,,,,,,,,,,,"123",,,"organic",
"Recruitment Tips Archives","https://linkmatch.com/blog/recruitment-tips/","Expert recruitment tips to find and attract top talent on LinkedIn. Master sourcing strategies and streamline hiring for long-term success!","https://linkmatch.com › category",,,,,,,,,,"LinkedIn",,,,,,,,,,,,,,,"124",,,"organic",
"Attract Employers with Your LinkedIn Profile","https://legiit.com/blog/attract-employers-linkedin-profile","LinkedIn marketing strategies can really help boost employer engagement and visibility during a job search. Here are some tips to use the platform effectively:.Read more","https://legiit.com › blog › attract-employers-linkedin-pr...",,,,,,,,,,"LinkedIn","job",,,,,,,,,,,,,,"125",,,"organic",
"How we do candidate outreach on LinkedIn (+InMail templates)","https://www.juggl.co/articles/hiring-play-4-10-the-art-of-candidate-outreach-with-short-and-sweet-message-templates","You can include the job opportunities in the candidate outreach messages, and make them more actionable. ... build a lasting method to attract top ...Read more","https://www.juggl.co › articles › hiring-play-4-10-the-a...",,,"2025-02-25T12:00:00.000Z",,,,,,,"job","make","build","method",,,,,,,,,,,,"126",,,"organic",
"Employee Performance Goals & Examples (Tips & Tricks)","https://www.leapsome.com/blog/performance-objectives-examples","Use our performance goal examples & tips help you create clear, measurable goals & objectives — essential for employee motivation & engagement.","https://www.leapsome.com › Blog",,,,,,,,,,"create",,,,,,,,,,,,,,,"127",,,"organic",
"LPT: LinkedIn URL Hacks (sharing all info from the ...","https://www.reddit.com/r/GetEmployed/comments/1jpipgs/lpt_linkedin_url_hacks_sharing_all_info_from_the/","I dug a bit more and worked on finding out how to customize the additional parameters to fit specific job postings i was on the hunt for.Read more","Reddit › r/GetEmployed",,,,,,,,,"9 comments","job",,,,,,,,"11 months ago",,,,,,,"128",,,"organic",
"LinkedIn Job Search Hacks","https://www.lisharriscoaching.com/blog-1/linkedin-hacks","LinkedIn is THE main hub for all things job searching and careers. Along with creating an engaging LinkedIn profile that gets you noticed ...Read more","https://www.lisharriscoaching.com › blog-1 › linkedin-h...",,,"2025-07-24T12:00:00.000Z",,,,,,,"LinkedIn","all","job","creating","LinkedIn profile",,,,,,,,,,,"129",,,"organic",
"KNOREX XPO Platform Reduces Legal Acquisition Costs ...","https://www.businesswire.com/news/home/20260225416070/en/KNOREX-XPO-Platform-Reduces-Legal-Acquisition-Costs-by-29-in-Nationwide-Consumer-Litigation-Campaign","Advanced Audience Segmentation: ... Global digital advertising spend is projected to exceed $740 billion in 2026, according to industry forecasts, ...Read more","https://www.businesswire.com › news › home › KNORE...",,,"2026-02-25T19:01:32.487Z",,,,,,,"Segmentation","industry",,,,,,,,,,,,,,"240",,,"organic",
"A lightweight crack segmentation network based on the ... - PMC","https://pmc.ncbi.nlm.nih.gov/articles/PMC12644605/","by Y Wang · 2025 — ... signals compatible with SSM. Specifically, for a discrete time ... relevance of this feature block to the segmentation task. We sort ...Read more","https://pmc.ncbi.nlm.nih.gov › articles › PMC12644605",,,,,,,,,,"signals","relevance","segmentation",,,,,,,,,,,,"by Y Wang · 2025 — ... signals compatible with SSM. Specifically, for a discrete time ... relevance of this feature block to the segmentation task. We sort ...Read more","241",,,"organic",
"Time series","https://en.wikipedia.org/wiki/Time_series","Time series are used in statistics, actuarial science, signal processing, pattern recognition, econometrics, mathematical finance, weather forecasting, ...Read more","https://en.wikipedia.org › wiki › Time_series",,,,,,,,,,"used","signal",,,,,,,,,,,,,,"242",,,"organic",
"How Industry Segmentation Boosts Customer Engagement","https://www.linkedin.com/advice/3/how-can-industry-segmentation-increase-customer","29 Sept 2023 — Industry segmentation is a market research technique that divides a broad market into smaller, more homogeneous groups of customers based on ...Read more","https://www.linkedin.com › ... › Market Research",,,"2023-09-29T12:00:00.000Z",,,,,,,"Industry segmentation","research",,,,,,,,,,,,,,"243",,,"organic",
"Deep learning-based image segmentation for defect detection ...","https://link.springer.com/article/10.1007/s00170-024-14191-6","by S Deshpande · 2024 · Cited by 46 — In general, XCT and ultrasonic imaging techniques are utilized for porosity detection, while IR images are used for segmenting melt-pool regions ...Read more","https://link.springer.com › article",,,,,,,,,,"used",,,,,,,,,,,,,,"by S Deshpande · 2024 · Cited by 46 — In general, XCT and ultrasonic imaging techniques are utilized for porosity detection, while IR images are used for segmenting melt-pool regions ...Read more","244",,,"organic",
"PrecTime: A Deep Learning Architecture for Precise Time ...","https://arxiv.org/pdf/2302.10182","by S Gaugel · 2023 · Cited by 36 — The proposed architecture is a general-purpose framework for time series segmentation that can be used for various industrial applications ...Read more","https://arxiv.org › pdf",,,,,,,,,,"segmentation","used","industrial",,,,,,,,,,,,"by S Gaugel · 2023 · Cited by 36 — The proposed architecture is a general-purpose framework for time series segmentation that can be used for various industrial applications ...Read more","245",,,"organic",
"A Review of Machine Learning and Deep ...","https://www.mdpi.com/2227-7080/12/2/15","by N Manakitsa · 2024 · Cited by 312 — Pattern recognition can also be used for image preprocessing and image segmentation, which are essential steps for many computer vision tasks [113,114,115].Read more","https://www.mdpi.com › ...",,,,,,,,,,"used","segmentation",,,,,,,,,,,,,"by N Manakitsa · 2024 · Cited by 312 — Pattern recognition can also be used for image preprocessing and image segmentation, which are essential steps for many computer vision tasks [113,114,115].Read more","246",,,"organic",
"Virtualization as a New Scaling Law for Semiconductor ...","https://onlinelibrary.wiley.com/doi/full/10.1002/smll.202510426","signals. We outline boundary conditions—trust and uncertainty, cross ... industry. Specifically, virtualization-driven scaling reflects ...Read more","https://onlinelibrary.wiley.com › full › smll.202510426",,,"2026-02-26T13:01:32.494Z",,,,,,,"signals","industry",,,,,,,,,,,,,,"247",,,"organic",
"(PDF) A novel signal segmentation method based on ...","https://www.researchgate.net/publication/265787133_A_novel_signal_segmentation_method_based_on_standard_deviation_and_variable_threshold","PDF | Decomposition of non-stationary signals such as electroencephalogram (EEG) and electrocardiogram (ECG) into stationary or ...","https://www.researchgate.net › publication › 26578713...",,,"2025-08-07T12:00:00.000Z",,,,,,,"signals",,,,,,,,,,,,,,,"248",,,"organic",
"Can popups actually improve UX? Only if they convert ...","https://www.reddit.com/r/Emailmarketing/comments/1refw3a/can_popups_actually_improve_ux_only_if_they/","Exit-intent with a discount makes sense as an abandoned cart recovery lever, but the real signal in your test is whether the offer was relevant, ...Read more","Reddit › r/Emailmarketing",,,,,,,,,"10+ comments","signal","relevant",,,,,,,"1 day ago",,,,,,,"249",,,"organic",
"How To Leverage LinkedIn's New Algorithm And Power ...","https://www.huffpost.com/entry/how-to-leverage-linkedins-new-algorithm-power-your_b_57bb440ee4b07d22cc39268e","With 400+ million users, and a record two new users joining LinkedIn each second, professionals can kick their job search into overdrive with ...Read more","https://www.huffpost.com › entry › how-to-leverage-lin...",,,"2016-10-21T12:00:00.000Z",,,,,,,"record","LinkedIn each","job",,,,,,,,,,,,,"130",,,"organic",
"Insights and experiences - MUFG","https://mufgcampus.com/our-people/?insights","When I applied for the summer internship at MUFG in the Debt Capital Markets (DCM) division, I knew I wanted to build a career in ...Read more","https://mufgcampus.com › our-people › insights",,,,,,,,,,"build","career",,,,,,,,,,,,,,"131",,,"organic",
"LinkedIn Hacks for Recruiters | You Need to Know Everything","https://arisen.in/linkedin-hacks-for-recruiters/","According to estimates, new hires found on LinkedIn are 40% less likely to quit their jobs within the first six months. And more than 75% of ...Read more","https://arisen.in › linkedin-hacks-for-recruiters",,,"2023-01-24T12:00:00.000Z",,,,,,,"LinkedIn","jobs",,,,,,,,,,,,,,"132",,,"organic",
"LinkedIn Company Pages Followers by Seniority","https://databox.com/metric-library/metrics/linkedin/followers-by-seniority","This website uses cookies to ensure you get the best experience on our website. Learn ...Read more","https://databox.com › metric-library › metrics › followe...",,,,,,,,,,"website","website",,,,,,,,,,,,,,"133",,,"organic",
"Luke Hartzell's Post","https://www.linkedin.com/posts/luke-hartzell_the-linkedin-job-search-hack-that-got-me-activity-7350248914442211328-PTzl","The LinkedIn job search hack that got me 5 interviews in one week I used to feel like my resumes weren't even getting looked at...because ...","LinkedIn › Luke Hartzell",,,,,,,,,,"LinkedIn job",,,,,,,,,,,,,,,"134",,,"organic",
"LinkedIn Work Experience Optimization: Turn Your Job ...","https://www.frontlinesmedia.in/work-experience-section-mastery/","“Responsible for managing social media accounts, creating content, and tracking analytics. Collaborated with team members on campaigns.” Recruiters read this in ...Read more","https://www.frontlinesmedia.in › work-experience-secti...",,,,,,,,,,"creating",,,,,,,,,,,,,,,"135",,,"organic",
"How to Create a LinkedIn Profile That Attracts Recruiters","https://vocal.media/lifehack/how-to-create-a-linked-in-profile-that-attracts-recruiters","It's an opportunity to tell your professional story, highlight your achievements, and express your career aspirations. ... Remote Work Trends: What Every Job ...Read more","https://vocal.media › lifehack › how-to-create-a-linked-...",,,,,,,,,,"story","career","Every Job",,,,,,,,,,,,,"136",,,"organic",
"LinkedIn Hacks to Get Interviews Faster","https://www.senseicopilot.com/blog/linkedin-hacks","Each part of your profile and interaction history shapes the first impression recruiters get. ... profile and the job, so your entire story ...Read more","https://www.senseicopilot.com › blog › linkedin-hacks",,,"2025-07-02T12:00:00.000Z",,,,,,,"Each","profile","history","profile","job","story",,,,,,,,,,"137",,,"organic",
"Making Your LinkedIn Profile Recruiter-Ready (Step-by-Step ...","https://www.youtube.com/watch?v=qWk3CMGyXyk","Avoid buzzwords, align your profile with target roles, proofread carefully, prioritize clarity, get recommendations, and check your privacy settings.","YouTube › Career Growth With Lucy",,,,,,,,,,,,,,,,,,"1 year ago",,,,,,,"138",,,"organic","2.3K+ views"
"RCN Education National Conference and Exhibition 2025","https://www.rcn.org.uk/-/media/Royal-College-Of-Nursing/Documents/Events/2025/Education/Book-of-abstracts.pdf","Whilst working as a university academic, Claire progressed to both Senior Lecturer and Assistant Head Learning. Teaching and Quality in the ...Read more","https://www.rcn.org.uk › Book-of-abstracts",,,"2025-04-01T12:00:00.000Z",,,,,,,"working",,,,,,,,,,,,,,,"139",,,"organic",
"Can popups actually improve UX? Only if they convert ...","https://www.reddit.com/r/Emailmarketing/comments/1refw3a/can_popups_actually_improve_ux_only_if_they/","Exit-intent with a discount makes sense as an abandoned cart recovery lever, but the real signal in your test is whether the offer was relevant, ...Read more","Reddit › r/Emailmarketing",,,,,,,,,"10+ comments","signal","relevant",,,,,,,"1 day ago",,,,,,,"250",,,"organic",
"A Survey on Ground Segmentation Methods for Automotive ...","https://pmc.ncbi.nlm.nih.gov/articles/PMC9862692/","by T Gomes · 2023 · Cited by 63 — ... used for detecting blue lights and other special signals from emergency vehicles. This technical approval was mainly possible due to the adoption of LiDAR ...Read more","https://pmc.ncbi.nlm.nih.gov › articles › PMC9862692",,,,,,,,,,"used","signals",,,,,,,,,,,,,"by T Gomes · 2023 · Cited by 63 — ... used for detecting blue lights and other special signals from emergency vehicles. This technical approval was mainly possible due to the adoption of LiDAR ...Read more","251",,,"organic",
"Example of signal segmentation.","https://www.researchgate.net/figure/Example-of-signal-segmentation_fig4_352189244","Download scientific diagram | Example of signal segmentation. from publication: Anomaly Detection Using Signal Segmentation and One-Class Classification in ...","https://www.researchgate.net › figure › Example-of-sig...",,,,,,,,,,"signal segmentation","Signal Segmentation",,,,,,,,,,,,,,"252",,,"organic",
"SIMTSeg: A self-supervised multivariate time series ...","https://www.sciencedirect.com/science/article/abs/pii/S147403462400507X","by X Bao · 2024 · Cited by 7 — The widespread integration of sensing technologies enables the continuous monitoring of industrial processes. The signals recorded by various sensors constitute ...Read more","https://www.sciencedirect.com › article › abs › pii",,,,,,,,,,"industrial","signals",,,,,,,,,,,,,"by X Bao · 2024 · Cited by 7 — The widespread integration of sensing technologies enables the continuous monitoring of industrial processes. The signals recorded by various sensors constitute ...Read more","253",,,"organic",
"Technology Node, Packaging Type, and End-Use ...","https://www.linkedin.com/pulse/technology-node-packaging-type-end-use-segmentation-insights-paosc/","The Signal Diode Market segmentation encompasses various factors, including product type, technology node, wafer size, material composition, ...Read more","LinkedIn › DataViz",,,,,,,,,,"Signal","segmentation",,,,,,"2 weeks ago",,,,,,,,"254",,,"organic",
"Temporal Action Segmentation: An Analysis of Modern ...","https://arxiv.org/pdf/2210.10352","by G Ding · 2022 · Cited by 161 — and audio signals [22]. Most approaches are ... It is primarily used to evaluate weakly supervised segmentation algorithms [42], [43].Read more","https://arxiv.org › pdf",,,,,,,,,,"signals","used","segmentation",,,,,,,,,,,,"by G Ding · 2022 · Cited by 161 — and audio signals [22]. Most approaches are ... It is primarily used to evaluate weakly supervised segmentation algorithms [42], [43].Read more","255",,,"organic",
"A Review of Machine Learning and Deep ...","https://www.mdpi.com/2227-7080/12/2/15","by N Manakitsa · 2024 · Cited by 312 — Pattern recognition can also be used for image preprocessing and image segmentation, which are essential steps for many computer vision tasks [113,114,115].Read more","https://www.mdpi.com › ...",,,,,,,,,,"used","segmentation",,,,,,,,,,,,,"by N Manakitsa · 2024 · Cited by 312 — Pattern recognition can also be used for image preprocessing and image segmentation, which are essential steps for many computer vision tasks [113,114,115].Read more","256",,,"organic",
"Background-foreground segmentation for interior sensing in ...","https://link.springer.com/article/10.1186/s13362-022-00128-9","by C Drygala · 2022 · Cited by 4 — Background-foreground segmentation for interior sensing in automotive industry ... relevant instances from the background. 3 Datasets for ...Read more","https://link.springer.com › article",,,,,,,,,,"segmentation","industry","relevant",,,,,,,,,,,,"by C Drygala · 2022 · Cited by 4 — Background-foreground segmentation for interior sensing in automotive industry ... relevant instances from the background. 3 Datasets for ...Read more","257",,,"organic",
"Global Positioning System","https://en.wikipedia.org/wiki/Global_Positioning_System","The Global Positioning System (GPS) is a satellite-based hyperbolic navigation system owned by the United States Space Force and operated by Mission Delta ...Read more","https://en.wikipedia.org › wiki › Global_Positioning_Sy...",,,,,,,,,,,,,,,,,,,,,,,,,"258",,,"organic",
"Land Degradation & Development | Environmental & Soil ...","https://onlinelibrary.wiley.com/doi/10.1002/ldr.70525?af=R","After atomization is achieved in an argon environment, a special As hollow cathode lamp is used to excite the fluorescence signal, and the ...Read more","https://onlinelibrary.wiley.com › doi › ldr",,,"2026-02-26T10:01:36.936Z",,,,,,,"used","signal",,,,,,,,,,,,,,"259",,,"organic",
"Anomaly Detection and Segmentation in Measurement ...","https://www.mdpi.com/1424-8220/25/17/5526","by J Dembski · 2025 · Cited by 4 — For both stages, the same signals from training subset are used. 3.2.1. Training Stage of NPH. The neural network models were trained based on training examples ...Read more","https://www.mdpi.com › ...",,,,,,,,,,"signals","used",,,,,,,,,,,,,"by J Dembski · 2025 · Cited by 4 — For both stages, the same signals from training subset are used. 3.2.1. Training Stage of NPH. The neural network models were trained based on training examples ...Read more","260",,,"organic",
"Component level signal segmentation method for multi ...","https://www.sciencedirect.com/science/article/abs/pii/S0263224122004377","by HM Praveen · 2022 · Cited by 40 — In this investigation, a simplified signal segmentation technique that segments the non-stationary vibration signals to match a specific speed ...Read more","https://www.sciencedirect.com › article › abs › pii",,,,,,,,,,"signal segmentation","signals",,,,,,,,,,,,,"by HM Praveen · 2022 · Cited by 40 — In this investigation, a simplified signal segmentation technique that segments the non-stationary vibration signals to match a specific speed ...Read more","261",,,"organic",
"(PDF) Dynamical signal segmentation for activity recognition","https://www.researchgate.net/publication/262379536_Dynamical_signal_segmentation_for_activity_recognition","An important subtask in activity recognition is signal segmentation: a procedure for dividing the data into intervals. These intervals are then used as ...Read more","https://www.researchgate.net › ... › Segmentation",,,,,,,,,,"signal segmentation","used",,,,,,,,,,,,,,"262",,,"organic",
"Cold Email vs LinkedIn Results (+ One Thing That ...","https://www.reddit.com/r/Entrepreneur/comments/1re3geq/cold_email_vs_linkedin_results_one_thing_that/","LinkedIn having a higher reply rate makes sense at your volume because the trust signals are built in. ... segmentation, attribution, data ...Read more","Reddit › r/Entrepreneur",,,,,,,,,"10+ comments","signals","segmentation",,,,,,,"1 day ago",,,,,,,"263",,,"organic",
"Boost Marketing Capability with MiniMBA in Marketing","https://www.linkedin.com/posts/markritson_if-you-lead-a-marketing-team-and-youre-serious-activity-7431759792148271104-XvlY","... segmentation and targeting. How brand and demand work together. How ... Industry segmentation, decision-makers, ROI justification ...Read more","LinkedIn › Mark Ritson",,,,,,,,,,"segmentation","Industry segmentation",,,,,,,,,,,,,,"264",,,"organic",
"Background-Foreground Segmentation for Interior Sensing ...","https://arxiv.org/pdf/2109.09410","by C Drygala · 2021 · Cited by 4 — Sensing in Automotive Industry. Claudia Drygala1, Matthias ... This signals the presence of a strong domain shift when going from ...Read more","https://arxiv.org › pdf",,,,,,,,,,"Industry","signals",,,,,,,,,,,,,"by C Drygala · 2021 · Cited by 4 — Sensing in Automotive Industry. Claudia Drygala1, Matthias ... This signals the presence of a strong domain shift when going from ...Read more","265",,,"organic",
"Explainable AI (XAI) in image segmentation in medicine ...","https://www.sciencedirect.com/science/article/pii/S2405959524001115","by R Gipiškis · 2024 · Cited by 37 — Interpretable semantic segmentation techniques prove most useful when the segmentation is incorrect. ... These calculated importance scores are then used in a ...Read more","https://www.sciencedirect.com › science › article › pii",,,,,,,,,,"segmentation","useful","segmentation","importance","used",,,,,,,,,,"by R Gipiškis · 2024 · Cited by 37 — Interpretable semantic segmentation techniques prove most useful when the segmentation is incorrect. ... These calculated importance scores are then used in a ...Read more","266",,,"organic",
"A Deep Learning Approach to Teeth Segmentation and ...","https://www.mdpi.com/2624-6120/6/3/40","by M Deb · 2025 · Cited by 7 — Furthermore, we create oriented bounding box coordinates for each tooth using a PCA-based approach. Signals 06 00040 g002. Figure 2. Tooth labeling used in this ...Read more","https://www.mdpi.com › ...",,,,,,,,,,"Signals","used",,,,,,,,,,,,,"by M Deb · 2025 · Cited by 7 — Furthermore, we create oriented bounding box coordinates for each tooth using a PCA-based approach. Signals 06 00040 g002. Figure 2. Tooth labeling used in this ...Read more","267",,,"organic",
"The effect of the cycle segmentation. (a) Original signal","https://www.researchgate.net/figure/The-effect-of-the-cycle-segmentation-a-Original-signal-b-The-segmented-cycles_fig3_332017660","Download scientific diagram | The effect of the cycle segmentation. (a) Original signal; (b) The segmented cycles. from publication: An integrated framework ...","https://www.researchgate.net › figure › The-effect-of-th...",,,,,,,,,,"segmentation","signal",,,,,,,,,,,,,,"268",,,"organic",
"Founder-led sales approach: Hyperbound's CRO success","https://www.linkedin.com/posts/sguduguntla_be-honest-if-youre-a-c-suite-leader-when-activity-7429205202920153088-EZyq","If your founders or C-suite aren't consistently in the room at industry events, you're underestimating how enterprise deals actually get done. I ...Read more","LinkedIn › Sriharsha Guduguntla",,,,,,,,,,"industry",,,,,,,,,,,,,,,"269",,,"organic",
"What is a Round Robin Meeting?","https://www.meetjamie.ai/blog/round-robin-meeting","Round robin meetings are structured discussions where each participant is given equal time and opportunity to contribute, ensuring a democratic and inclusive ...Read more","https://www.meetjamie.ai › blog › round-robin-meeting",,,"2024-10-04T12:00:00.000Z",,,,,,,"each participant",,,,,,,,,,,,,,,"140",,,"organic",
"LBS MBA Admissions & Related Blogs : LBS - Page 9","https://gmatclub.com/forum/expert-advice-for-lbs-from-admissions-consultant-blogs-209062-160.html","The [url=https://www.london.edu/masters-degrees/masters-in-finance-part-time]Masters in Finance (MiF)[/url] programme at LBS is distinguished ...Read more","https://gmatclub.com › forum › expert-advice-for-lbs-fr...",,,"2015-11-24T12:00:00.000Z",,,,,,,"url","url",,,,,,,,,,,,,,"141",,,"organic",
"Impact of AI Personalization on Email Clicks and ...","https://studenttheses.uu.nl/bitstream/handle/20.500.12932/48815/Thesis_redacted.pdf?sequence=1&isAllowed=y","by M Brachten · 2025 — ... job titles, a recoding process was per- ... The results revealed a strong positive correlation between job seniority and link clicks (ρ = 0.9643, ...Read more","https://studenttheses.uu.nl › Thesis_redacted",,,,,,,,,,"job","process","per","job seniority","link",,,,,,,,,,"by M Brachten · 2025 — ... job titles, a recoding process was per- ... The results revealed a strong positive correlation between job seniority and link clicks (ρ = 0.9643, ...Read more","142",,,"organic",
"Handshake","https://app.joinhandshake.com/events/1864880/share_preview","","https://app.joinhandshake.com › events › share_preview",,,,,,,,,,,,,,,,,,,,,,,,,"143",,,"organic",
"AI + LinkedIn Job Hacks for Career Coaches","https://www.thejobinsiders.com/blog","How MANY students is the average career coach expected to serve? 100? 1,000??? Try 2,000.. So what's a dedicated coach to do??? Turns out we all have ...Read more","https://www.thejobinsiders.com › blog",,,,,,,,,,"career","all",,,,,,,,,,,,,,"144",,,"organic",
"Who is Yash Maheshwari? Discover Their Role as Member","https://www.highperformr.ai/people/yash-maheshwari-cse08","... LinkedIn activity, job changes, and more — all in one powerful view. Highperformr AI helps you surface the right people and enrich your CRM with live ...Read more","https://www.highperformr.ai › people › yash-maheshwa...",,,,,,,,,,"LinkedIn","job","all","enrich",,,,,,,,,,,,"145",,,"organic",
"How To Leverage LinkedIn's New Algorithm And Power ...","https://www.huffpost.com/entry/how-to-leverage-linkedins-new-algorithm-power-your_b_57bb440ee4b07d22cc39268e","With 400+ million users, and a record two new users joining LinkedIn each second, professionals can kick their job search into overdrive with ...Read more","https://www.huffpost.com › entry › how-to-leverage-lin...",,,"2016-10-21T12:00:00.000Z",,,,,,,"record","LinkedIn each","job",,,,,,,,,,,,,"146",,,"organic",
"How Headhunters Use LinkedIn to Find Talented Candidates","https://careers.usnews.com/advice/outside-voices-careers/articles/2017-05-05/how-headhunters-use-linkedin-to-find-talented-candidates","job title, and make sure your profile is about your accomplishments in each of your jobs rather than just listing the positions you've held.Read more","https://careers.usnews.com › On Careers",,,"2017-05-05T12:00:00.000Z",,,,,,,"job","make","profile","each","jobs",,,,,,,,,,,"147",,,"organic",
"Expandi's Best LinkedIn Content Retargeting Growth Hack ...","https://expandi.io/blog/linkedin-content-retargeting-growth-hack-to-start-generating-leads/","by using LinkedIn automation. How I scrape profiles, target my ideal customer personas, create engaging messaging and the exact tools I use.Read more","https://expandi.io › blog › linkedin-content-retargeting-...",,,"2022-01-26T12:00:00.000Z",,,,,,,"LinkedIn","create",,,,,,,,,,,,,,"148",,,"organic",
"How to Use Instant Data Scraper for Cold Outreach Lists","https://reply.io/blog/instant-data-scraper/","Tools like Instant Data Scraper make the process fast and effortless. With just a few clicks, you can pull names, emails, job titles, or ...Read more","https://reply.io › blog › instant-data-scraper",,,"2025-11-21T12:00:00.000Z",,,,,,,"make","process","job",,,,,,,,,,,,,"149",,,"organic",
"Rf Vector Signal Analyzer ( Vsa ) Market","https://www.linkedin.com/pulse/technology-node-packaging-type-end-use-segmentation-umuvf/","Segmentation of the RF Vector Signal Analyzer market can be approached through various lenses, including product type, technological process, ...Read more","LinkedIn › IQ VisionFlow Research",,,,,,,,,,"Segmentation","Signal",,,,,,"2 weeks ago",,,,,,,,"270",,,"organic",
"Non-destructive prediction of strawberry soluble solids content ...","https://link.springer.com/article/10.1007/s11694-026-04224-x","These settings produced HSI with high spatial fidelity, low motion artifacts, and good signal-to-noise ratio. ... segmentation. The average ...Read more","https://link.springer.com › article",,,"2026-02-26T08:01:41.697Z",,,,,,,"good signal","segmentation",,,,,,,,,,,,,,"271",,,"organic",
"Deep learning approaches to biomedical image ...","https://www.sciencedirect.com/science/article/pii/S235291481930214X","by IRI Haque · 2020 · Cited by 569 — Therefore, the accuracy measure is recommended to be used for evaluating segmentation performance with images when there is no class imbalance. An alternative ...Read more","https://www.sciencedirect.com › science › article › pii",,,,,,,,,,"used","segmentation",,,,,,,,,,,,,"by IRI Haque · 2020 · Cited by 569 — Therefore, the accuracy measure is recommended to be used for evaluating segmentation performance with images when there is no class imbalance. An alternative ...Read more","272",,,"organic",
"Automated Multi-Modal MRI Segmentation of Stroke ...","https://www.mdpi.com/2379-139X/12/3/29","These biomarkers capture both the extent and anatomical relevance of brain ... used exclusively for lesion segmentation model development and evaluation.Read more","https://www.mdpi.com › ...",,,,,,,,,,"relevance","used","segmentation",,,,,,,,,,,,,"273",,,"organic",
"Segmentation of electromyography signals for pattern ...","https://www.researchgate.net/publication/336718324_Segmentation_of_electromyography_signals_for_pattern_recognition","reliability necessary to arouse the interest of the industry. In pattern recognition, segmentation ... used the segmentation. algorithm ...Read more","https://www.researchgate.net › ... › Electromyography",,,"2019-10-22T12:00:00.000Z",,,,,,,"industry","segmentation","used","segmentation",,,,,,,,,,,,"274",,,"organic",
"Technology Node, Packaging Type, and End-Use ...","https://www.linkedin.com/pulse/technology-node-packaging-type-end-use-5obhc/","... segmentation are also relevant. For ... The Spectrum Analyzer, Signal Analyzer Market refers to the segment of the semiconductor industry ...Read more","LinkedIn › QR delivers market insights that matter mr",,,,,,,,,,"segmentation","relevant","Signal","segment","industry",,,"2 weeks ago",,,,,,,,"275",,,"organic",
"Explainable AI (XAI) in image segmentation in medicine ...","https://www.sciencedirect.com/science/article/pii/S2405959524001115","by R Gipiškis · 2024 · Cited by 37 — Interpretable semantic segmentation techniques prove most useful when the segmentation is incorrect. ... These calculated importance scores are then used in a ...Read more","https://www.sciencedirect.com › science › article › pii",,,,,,,,,,"segmentation","useful","segmentation","importance","used",,,,,,,,,,"by R Gipiškis · 2024 · Cited by 37 — Interpretable semantic segmentation techniques prove most useful when the segmentation is incorrect. ... These calculated importance scores are then used in a ...Read more","276",,,"organic",
"(PDF) Spectrogram segmentation by means of statistical ...","https://www.researchgate.net/publication/3318459_Spectrogram_segmentation_by_means_of_statistical_features_for_non-stationary_signal_interpretation","The segmentation is operated by a region growing algorithm, which does not require any prior knowledge on the nonstationary signal. The result is an automatic ...Read more","https://www.researchgate.net › publication › 3318459_...",,,,,,,,,,"segmentation","signal",,,,,,,,,,,,,,"277",,,"organic",
"A Novel Hybrid Adaptive Multi-Resolution Feature ...","https://www.mdpi.com/2227-7390/14/5/784","The proposed method employs EMD to extract features from ten PQ signals, which are used as inputs into a PNN for classification. The findings indicate that ...Read more","https://www.mdpi.com › ...",,,,,,,,,,"signals","used",,,,,,,,,,,,,,"278",,,"organic",
"Technology Node, Packaging Type, and End-Use ...","https://www.linkedin.com/pulse/technology-node-packaging-type-end-use-segmentation-aw40f/","... importance of this market segment. However, the ... The Signal Surge Protector Market refers to the segment of the semiconductor industry ...Read more","LinkedIn › QX PulsePath Analytics MRI",,,,,,,,,,"importance","segment","Signal","segment","industry",,,"2 weeks ago",,,,,,,,"279",,,"organic",
"( 12 ) United States Patent - Googleapis.com","https://patentimages.storage.googleapis.com/47/dc/f0/a8a69466c8cb73/US10922345.pdf","job title , Phone , LinkedIn URL , scores and trust scores are ... process started to the newly created contact record object record objects based ...Read more","https://patentimages.storage.googleapis.com › ...",,,"2019-05-21T12:00:00.000Z",,,,,,,"job","LinkedIn URL","process","created","record","record",,,,,,,,,,"150",,,"organic",
"How to make your profile more discoverable by recruiters","https://www.linkedin.com/posts/jameshudson_profile-hacks-that-make-you-more-discoverable-activity-7302000826594574337-DWES","LinkedIn Recruiter InMails fees jumped from $3 to $21 per credit. ... Most job seekers think the key to LinkedIn is posting more. But ...Read more","LinkedIn › James Hudson",,,,,,,,,,"LinkedIn","per","job","LinkedIn",,,,,,,,,,,,"151",,,"organic",
"3 Ways to Attract Recruiters to Your LinkedIn Profile","https://www.wikihow.tech/Attract-Recruiters-to-Your-LinkedIn-Profile","Log on to update your info regularly, not just when you're in the process of searching for a new job. ... Thanks to all authors for creating a page that has been ...Read more","https://www.wikihow.tech › ... › LinkedIn",,,,,,,,,,"Log","process","job","all","creating",,,,,,,,,,,"152",,,"organic",
"Hey guys I'm in a bit of a difficult situation here ...","https://www.facebook.com/groups/madridexpatsgroup/posts/8974388929280810/","It seems that you are staying for the money and the stability this job is offering you (job hunting is such a challenge in Madrid).","Facebook › 🌎Madrid Expats Group - Internationals in Madrid🌎🌍🌏",,,,,,,,,,"job","job",,,,,,,"1 year ago",,,,,,,"153","20+ comments",,"organic",
"3 Top-Rated Methods for Creating Business-Ready ...","https://www.coursesidekick.com/course-questions/5510221","Buy LinkedIn verified accounts with real connections at usapvapoint.com to instantly access a network that enhances your career or business ...Read more","https://www.coursesidekick.com › ... › Business - Other",,,"2025-12-28T12:00:00.000Z",,,,,,,"LinkedIn","career",,,,,,,,,,,,,,"154",,,"organic",
"5 Professional Linkedin URL examples to get more visitors","https://www.hyperclapper.com/blog-posts/professional-linkedin-url-examples-get-more-visitors","Including your customized LinkedIn URL in your email signature is a great way to promote your professional profile with every email you send. This allows ...Read more","https://www.hyperclapper.com › blog-posts › professio...",,,,,,,,,,"LinkedIn URL","profile","every",,,,,,,,,,,,,"155",,,"organic",
"How To See LinkedIn Search History and Use It To Find ...","https://www.slideshare.net/slideshow/how-to-see-linkedin-search-history-and-use-it-to-find-relevant-candidates/267354033","The document explains how to access and manage your LinkedIn search history, which can enhance job searching and networking. It provides steps for signing ...","https://www.slideshare.net › Recruiting & HR",,,,,,,,,,"LinkedIn","history","job",,,,,,,,,,,,,"156",,,"organic",
"Fostering Students' Creativity and Critical Thinking","https://www.oecd.org/content/dam/oecd/en/publications/reports/2019/10/fostering-students-creativity-and-critical-thinking_3ffa73e4/62212c37-en.pdf","by S Vincent-Lancrin · 2019 · Cited by 576 — ... LinkedIn profile. An analysis of the O*NET ... knowledge or method innovation, the likelihood of having a highly innovative job (defined as working.Read more","https://www.oecd.org › oecd › reports › 2019/10",,,,,,,,,,"LinkedIn profile","method","job","working",,,,,,,,,,,"by S Vincent-Lancrin · 2019 · Cited by 576 — ... LinkedIn profile. An analysis of the O*NET ... knowledge or method innovation, the likelihood of having a highly innovative job (defined as working.Read more","157",,,"organic",
"Optimize Your LinkedIn Experience Section [2024 Guide]","https://viralspy.io/blog/linkedin-experience-section/","Adding relevant skills to your job descriptions enriches your profile and optimizes keyword usage. Each skill you mention becomes a ...Read more","https://viralspy.io › Blog",,,"2023-08-14T12:00:00.000Z",,,,,,,"job","enriches","profile","Each",,,,,,,,,,,,"158",,,"organic",
"How to Find Candidates on LinkedIn","https://dripify.com/how-to-find-candidates-on-linkedin/","1. Optimize Your Profile; 2. Use Advanced Search; 3. Join Relevant Groups; 4. Leverage Connections; 5 ...Read more","https://dripify.com › Blog › LinkedIn Hacks",,,"2026-01-12T12:00:00.000Z",,,,,,,"Profile",,,,,,,,,,,,,,,"159",,,"organic",
"Sequential segmentation of nonstationary digital signals ...","https://www.sciencedirect.com/science/article/abs/pii/0020025583900099","by M Basseville · 1983 · Cited by 44 — INRIA Research Report No. 129. (Apr. 1982). G. Bodenstein et al. Feature ... Cookies are used by this site. Cookie Settings. All content on this site ...Read more","https://www.sciencedirect.com › article › abs › pii",,,,,,,,,,"Research","used",,,,,,,,,,,,,"by M Basseville · 1983 · Cited by 44 — INRIA Research Report No. 129. (Apr. 1982). G. Bodenstein et al. Feature ... Cookies are used by this site. Cookie Settings. All content on this site ...Read more","280",,,"organic",
"Inductive Absolute Encoders Industry Market","https://www.linkedin.com/pulse/segmentation-analysis-inductive-absolute-htt8f/","inductive absolute encoders industry market Segmentation Analysis & Regional Market Performance ... Industry-related semiconductor solutions used ...Read more","LinkedIn › LF7 Discovers What Drives Change",,,,,,,,,,"industry","Segmentation","Industry","used",,,,"2 weeks ago",,,,,,,,"281",,,"organic",
"Example of mechanical signal segmentation: (a) collected ...","https://www.researchgate.net/figure/Example-of-mechanical-signal-segmentation-a-collected-sound-signal-at-the-speed-of_fig9_333189673","Example of mechanical signal segmentation: (a) collected sound signal at the speed of 400 rpm; (b) segmentation results (the red line connects the starting time ...Read more","https://www.researchgate.net › figure › Example-of-me...",,,,,,,,,,"signal segmentation","signal","segmentation",,,,,,,,,,,,,"282",,,"organic",
"A Segmentation Model of ECU Excitation Signal Based on ...","https://www.mdpi.com/1424-8220/21/12/4165?type=check_update&version=1","In the construction vehicle industry, ECU testing technology has been extensively used [3]. ECU drives the engine based on various signals from the actual ...Read more","https://www.mdpi.com › ...",,,,,,,,,,"industry","used","signals",,,,,,,,,,,,,"283",,,"organic",
"Application of semantic segmentation in High-Impedance ...","https://www.sciencedirect.com/science/article/abs/pii/S0957417423011338","by JH Gao · 2023 · Cited by 51 — In this study, we propose a novel diagnostic approach for HIF based on semantic segmentation of the signal envelope (SE) and Hilbert marginal spectrum (HMS).Read more","https://www.sciencedirect.com › article › abs › pii",,,,,,,,,,"segmentation","signal",,,,,,,,,,,,,"by JH Gao · 2023 · Cited by 51 — In this study, we propose a novel diagnostic approach for HIF based on semantic segmentation of the signal envelope (SE) and Hilbert marginal spectrum (HMS).Read more","284",,,"organic",
"Airlines face complex compliance landscape amidst ...","https://www.linkedin.com/posts/snigam_airlines-sustainability-compliance-activity-7431685700816871427-byCt","... industry players: contracts, due diligence, fuel planning, financial ... Monitoring plans, voyage segmentation, berth energy, and verification ...Read more","LinkedIn › Shashank Nigam ✈",,,,,,,,,,"industry","segmentation",,,,,,,,,,,,,,"285",,,"organic",
"Advances in Deep Learning for Semantic Segmentation of ...","https://www.mdpi.com/1424-8220/25/7/2043","by C Urrea · 2025 · Cited by 13 — Instrument used to evaluate the rigor, relevance, presentation of results, and credibility of the selected publications after applying the inclusion and ...Read more","https://www.mdpi.com › ...",,,,,,,,,,"used","relevance",,,,,,,,,,,,,"by C Urrea · 2025 · Cited by 13 — Instrument used to evaluate the rigor, relevance, presentation of results, and credibility of the selected publications after applying the inclusion and ...Read more","286",,,"organic",
"Signal segmentation into each cycle from the original data.","https://www.researchgate.net/figure/Signal-segmentation-into-each-cycle-from-the-original-data_fig2_367110657","A robot is essential in many industrial and manufacturing facilities due to its efficiency, accuracy, and durability. However, continuous use of the robotic ...Read more","https://www.researchgate.net › figure › Signal-segmenta...",,,,,,,,,,"industrial",,,,,,,,,,,,,,,"287",,,"organic",
"An overview of the current state of knowledge and ...","https://www.sciencedirect.com/science/article/pii/S0263224125006736","by R Burdzik · 2025 · Cited by 13 — Methods of signal processing used within the noise and vibration research ... research and industrial environments [177], [178]. Python has ...Read more","https://www.sciencedirect.com › science › article › pii",,,,,,,,,,"signal","used","research","research","industrial",,,,,,,,,,"by R Burdzik · 2025 · Cited by 13 — Methods of signal processing used within the noise and vibration research ... research and industrial environments [177], [178]. Python has ...Read more","288",,,"organic",
"Overview of all preprocessed signals and segmentation. ...","https://www.researchgate.net/figure/Overview-of-all-preprocessed-signals-and-segmentation-The-placement-of-all-viable_fig5_375616451","Data-based equipment fault detection and diagnosis is an important research area in the smart factory era, which began with the Fourth Industrial Revolution.Read more","https://www.researchgate.net › figure › Overview-of-all...",,,,,,,,,,"research","Industrial",,,,,,,,,,,,,,"289",,,"organic",
"The Secret Hack You Can Use On LinkedIn To Help ...","https://www.workitdaily.com/secret-hack-linkedin-help-recruiters?utm_source=feedburner&utm_medium=feed&utm_campaign=Feed%3A+careerealism+%28CAREEREALISM%29&SuperSocializerAuth=LiveJournal","LinkedIn also uses an algorithm. And when recruiters search for candidates, they typically search for specific keywords relating to the jobs they're looking to ...Read more","https://www.workitdaily.com › secret-hack-linkedin-help...",,,,,,,,,,"LinkedIn","jobs",,,,,,,,,,,,,,"160",,,"organic",
"5 LinkedIn Job Search Hacks You Can Do TODAY","https://www.youtube.com/watch?v=_ED_lfOuz7c","Optimize your LinkedIn profile with Jobscan: https://www.jobscan.co/hacks Jobscan State of the Job Search report: ...","YouTube › Jobscan",,,,,,,,,,,,,,,,,,"6 months ago",,,,,,,"161",,,"organic","390+ views"
"The Complete List of Sales Prospecting Tools","https://mailshake.com/blog/sales-prospecting-tools/","It pulls from your apps to automatically create one view of every ... seniority, job responsibility and intent data. Leadspace lead-to ...Read more","https://mailshake.com › All posts › Tools",,,"2024-03-05T12:00:00.000Z",,,,,,,"create","every","seniority","job",,,,,,,,,,,,"162",,,"organic",
"17 Steps To Revamp Your LinkedIn Profile To Attract Recruiters","https://williano.medium.com/17-steps-to-revamp-your-linkedin-profile-to-attract-recruiters-part-2-8aad0c88b9a1?source=topics_v2---------42-84--------------------84454b9c_cb06_4f65_b97e_ce614e94dc79-------19","Part 1 of the article talked about your real name, profile picture, background cover photo, headline, summary, featured section and your job ...Read more","90+ likes  ·  4 years ago",,,,,,,,,,"profile","job",,,,,,,,,,,,,,"163",,,"organic",
"7 Tools to Boost Your Candidate Pool | PDF | Recruitment","https://www.scribd.com/document/642443667/7-secret-tools-to-increase-your-candidate-pool-by-100x-pdf","Just visit their website dripify.io and create your free account. Dripify LinkedIn automation is ... list of different jobs listed on our website. Each job that ...Read more","https://www.scribd.com › document",,,,,,,,,,"website","create","LinkedIn","jobs","website","Each job",,,,,,,,,,"164",,,"organic",
"sitemap.xml","https://www.userinterviews.com/sitemap.xml","... job-board https://www.userinterviews.com/ai-moderation-for-ux-research-guide ... history-club https://www.userinterviews.com/yearbook-clubs/mathletes ...Read more","https://www.userinterviews.com › sitemap",,,,,,,,,,"job","history",,,,,,,,,,,,,,"165",,,"organic",
"Luke Hartzell's Post","https://www.linkedin.com/posts/luke-hartzell_the-linkedin-job-search-hack-that-got-me-activity-7350248914442211328-PTzl","The LinkedIn job search hack that got me 5 interviews in one week I used to feel like my resumes weren't even getting looked at...because ...","LinkedIn › Luke Hartzell",,,,,,,,,,"LinkedIn job",,,,,,,,,,,,,,,"166",,,"organic",
"What are some best practices/hacks within Linkedin ...","https://www.quora.com/What-are-some-best-practices-hacks-within-Linkedin-Recruiter-with-regard-to-projects-notes-todos-templates-and-general-organization-of-profiles","You should check out Irina Shamaeva and her Boolean Strings blog/community. Top notch content on making the most out of LinkedIn Recruiter ...","1 answer  ·  12 years ago",,,,,,,,,,"making","LinkedIn",,,,,,,,,,,,,,"167",,,"organic",
"87% Acceptance Rate LinkedIn Outreach Growth Hack ...","https://www.youtube.com/watch?v=Tg4p9aG4O04","'m finding people on LinkedIn who fit my ICP (ideal customer profile) 2. I'm segmenting them only by those who recently posted on LinkedIn ...","YouTube › Growth Band",,,,,,,,,,,,,,,,,,"1 year ago",,,,,,,"168",,,"organic","470+ views"
"Women Whistleblowers: Examining parrhesia, power and ...","https://journals.sagepub.com/doi/10.1177/01708406231187073","by K Kenny · 2024 · Cited by 21 — With a sensitivity to gender and power, we analyse the subject positions articulated by senior women whistleblowers working in a male-dominated sector, ...Read more","https://journals.sagepub.com › doi",,,,,,,,,,"working",,,,,,,,,,,,,,"by K Kenny · 2024 · Cited by 21 — With a sensitivity to gender and power, we analyse the subject positions articulated by senior women whistleblowers working in a male-dominated sector, ...Read more","169",,,"organic",
"Founder-led sales approach: Hyperbound's CRO success","https://www.linkedin.com/posts/sguduguntla_be-honest-if-youre-a-c-suite-leader-when-activity-7429205202920153088-EZyq","If your founders or C-suite aren't consistently in the room at industry events, you're underestimating how enterprise deals actually get done. I ...Read more","LinkedIn › Sriharsha Guduguntla",,,,,,,,,,"industry",,,,,,,,,,,,,,,"290",,,"organic",
"Segmentation of electromyography signals for pattern ...","https://www.researchgate.net/publication/336718324_Segmentation_of_electromyography_signals_for_pattern_recognition","reliability necessary to arouse the interest of the industry. In pattern recognition, segmentation ... used the segmentation. algorithm ...Read more","https://www.researchgate.net › ... › Electromyography",,,"2019-10-22T12:00:00.000Z",,,,,,,"industry","segmentation","used","segmentation",,,,,,,,,,,,"291",,,"organic",
"Sequential segmentation of nonstationary digital signals ...","https://www.sciencedirect.com/science/article/abs/pii/0020025583900099","by M Basseville · 1983 · Cited by 44 — INRIA Research Report No. 129. (Apr. 1982). G. Bodenstein et al. Feature ... Cookies are used by this site. Cookie Settings. All content on this site ...Read more","https://www.sciencedirect.com › article › abs › pii",,,,,,,,,,"Research","used",,,,,,,,,,,,,"by M Basseville · 1983 · Cited by 44 — INRIA Research Report No. 129. (Apr. 1982). G. Bodenstein et al. Feature ... Cookies are used by this site. Cookie Settings. All content on this site ...Read more","292",,,"organic",
"Strategic Consumer Segmentation and Dynamic Pricing for ...","https://www.mdpi.com/2227-7390/12/21/3364","by LD Gonen · 2024 · Cited by 19 — Results: This research indicates that market segmentation enhances sales by targeting the distinct preferences of loyal consumers, who are less ...Read more","https://www.mdpi.com › ...",,,,,,,,,,"research","segmentation",,,,,,,,,,,,,"by LD Gonen · 2024 · Cited by 19 — Results: This research indicates that market segmentation enhances sales by targeting the distinct preferences of loyal consumers, who are less ...Read more","293",,,"organic",
"Signal Source Module Market Dynamics and Projections ...","https://www.linkedin.com/pulse/signal-source-module-market-dynamics-projections-2026-2033-l9tsc","Global Signal Source Module Market: Segment Analysis. The Signal Source Module Market Industry Research by Application is segmented into:.Read more","LinkedIn › Data Query AI",,,,,,,,,,"Signal","Segment","Signal","Industry Research",,,,"2 days ago",,,,,,,,"294",,,"organic",
"Optimal segmentation of signals and its application to ...","https://www.researchgate.net/publication/4138206_Optimal_segmentation_of_signals_and_its_application_to_image_denoising_and_boundary_feature_extraction","Once the signal for a trajectory has been created, the trajectory segmentation problem reduces to a Signal Segmentation problem. For ...Read more","https://www.researchgate.net › publication › 4138206_...",,,"2025-08-06T12:00:00.000Z",,,,,,,"signal","segmentation","Signal Segmentation",,,,,,,,,,,,,"295",,,"organic",
"Customer Segmentation as a Revenue Generator for Profit ...","https://www.mdpi.com/2227-7390/11/21/4425","by T Tavor · 2023 · Cited by 16 — Typically, when geographic segmentation is used, the consumer's location (residence) serves as the only criterion to form market segments. The ...Read more","https://www.mdpi.com › ...",,,,,,,,,,"segmentation","used",,,,,,,,,,,,,"by T Tavor · 2023 · Cited by 16 — Typically, when geographic segmentation is used, the consumer's location (residence) serves as the only criterion to form market segments. The ...Read more","296",,,"organic",
"Inductive Absolute Encoders Industry Market","https://www.linkedin.com/pulse/segmentation-analysis-inductive-absolute-htt8f/","inductive absolute encoders industry market Segmentation Analysis & Regional Market Performance ... Industry-related semiconductor solutions used ...Read more","LinkedIn › LF7 Discovers What Drives Change",,,,,,,,,,"industry","Segmentation","Industry","used",,,,"2 weeks ago",,,,,,,,"297",,,"organic",
"Example of mechanical signal segmentation: (a) collected ...","https://www.researchgate.net/figure/Example-of-mechanical-signal-segmentation-a-collected-sound-signal-at-the-speed-of_fig9_333189673","Example of mechanical signal segmentation: (a) collected sound signal at the speed of 400 rpm; (b) segmentation results (the red line connects the starting time ...Read more","https://www.researchgate.net › figure › Example-of-me...",,,,,,,,,,"signal segmentation","signal","segmentation",,,,,,,,,,,,,"298",,,"organic",
"Signal Processing - an overview","https://www.sciencedirect.com/topics/engineering/signal-processing","Another commonly used time–frequency–domain analysis tool is Wigner–Ville distribution. It is based on bilinear transform instead of signal segmentation.Read more","https://www.sciencedirect.com › topics › engineering › si...",,,,,,,,,,"used","signal segmentation",,,,,,,,,,,,,,"299",,,"organic",
"How to Build, Enrich, and Track Signals for Smarter ...","https://www.linkedin.com/pulse/how-build-enrich-track-signals-smarter-prospecting-jamie-shanks-wipzf","Then we layer in role-based filters: seniority level, job titles, department, years in current company, etc. The result is a focused list of ...Read more","LinkedIn › Jamie Shanks",,,,,,,,,,"seniority","job",,,,,,,,,,,,,,"1",,,"organic",
"LinkedIn Profile Enrichment Automation w/ Lindy & Bright ...","https://www.lindy.ai/blog/lindy-bright-data-linkedin-enrichment","By the end of this guide, you'll have set up a complete system that automatically enriches your LinkedIn profiles. Your new workflow will:.Read more","https://www.lindy.ai › blog › lindy-bright-data-linkedin...",,,"2025-11-30T12:00:00.000Z",,,,"4.7",,,"automatically enriches your LinkedIn profiles",,,,,,,,,,"238",,,,,"2",,,"organic",
"How to Build a LinkedIn URL Enrichment Workflow with AI in ...","https://www.youtube.com/watch?v=tDt92SXwQyg","Learn to create an automated workflow that finds company LinkedIn URLs using only their website. This tutorial shows you how to build a ...","YouTube › Scalestack",,,,,,,,,,,,,,,,,,"2 weeks ago",,,,,,,"3",,,"organic","10+ views"
"Improving the job process — A LinkedIn Case Study","https://davisdesigninteractive.medium.com/improving-the-job-process-a-linkedin-case-study-54236d13ae70","We created surveys to better understand how our users use LinkedIn's features to apply for a position. We asked users about their age, ...Read more","20+ likes  ·  4 years ago",,,,,,,,,,"created","LinkedIn's",,,,,,,,,,,,,,"4",,,"organic",
"Enrich Linkedin profile URLs stored in a Google Sheet","https://n8n.io/workflows/2107-enrich-linkedin-profile-urls-stored-in-a-google-sheet/","This template is for users looking to retrieve email information from LinkedIn profiles and update Google Sheets with the collected data.Read more","https://n8n.io › workflows › 2107-enrich-linkedin-profi...",,,,,,,"4.6",,,"LinkedIn",,,,,,,,,,"27",,,,,"5",,,"organic",
"LinkedIn Profile Scraper","https://phantombuster.com/automations/linkedin/5589386912058181/linkedin-profile-scraper","Run the LinkedIn Profile Scraper to enrich each profile with detailed data, including job titles, experience, and emails. Export the enriched list to Google ...Read more","https://phantombuster.com › automations › linkedin-pr...",,,,,,,,,,"enrich each profile with detailed data",,,,,,,,,,,,,,,"6",,,"organic",
"LinkedIn Profile Scraper, real-time, cheap lead enrichment","https://apify.com/anchor/linkedin-profile-enrichment","Enrich your contacts with Live LinkedIn data, with URLs of people or company. Get a list of leads enriched with valuable real-time LinkedIn data for che...","https://apify.com › anchor › linkedin-profile-enrichment",,,,,,,"4.6",,,"Get a list of leads enriched with valuable real-time LinkedIn data",,,,,,,,,,"19",,,,,"7",,,"organic",
"Find Lead Summary From Linkedin Profile Url","https://derrick-app.com/data-enrichment/find-lead-summary-by-linkedin-profile-url","Derrick lets you Find lead summary from linkedin profile url. Automate your data enrichment for free and have more time for what matters most: Closing.","https://derrick-app.com › ... › Data Enrichment",,,,,,,"5",,,"linkedin profile url","enrichment",,,,,,,,,"56",,,,,"8",,,"organic",
"Unleashing LinkedIn's","https://business.linkedin.com/content/dam/me/business/en-us/talent-solutions/resources/pdfs/linkedin-targeting-guide_LTS_version.pdf","This means you can target members using profile-based demographic information using things like job title, seniority, company name, and more. On LinkedIn ...Read more","https://business.linkedin.com › resources › pdfs",,,,,,,,,,"profile","job","seniority","LinkedIn",,,,,,,,,,,,"9",,,"organic",
"Steal this LinkedIn strategy to get recruiters blowing up your ...","https://www.youtube.com/watch?v=WH_2PNwkT3E","Stop Applying. Start Getting Headhunted (With the LinkedIn SEO Strategy) Are you tired of sending out hundreds of job applications only to ...","YouTube › Career Growth With Lucy",,,,,,,,,,,,,,,,,,"1 month ago",,,,,,,"170",,,"organic","23.4K+ views"
"Recruit And Hire Software Developer Using LinkedIn","https://skillpanel.com/blog/source-software-developers-linkedin/","Widening your LinkedIn search and including candidates who lack one or more skills from your job listing can make a huge difference for your ...Read more","https://skillpanel.com › blog › source-software-develop...",,,"2021-08-12T12:00:00.000Z",,,,,,,"LinkedIn","job","make",,,,,,,,,,,,,"171",,,"organic",
"31 Best Linked Helper Alternatives & Competitors in 2026 ...","https://www.givemeleads.io/blog/linkedhelper-alternatives-competitors","This tool allows you to scrape LinkedIn profile data and enrich it (with emails, job titles, etc.) ... each LinkedIn profile. Simple ...Read more","https://www.givemeleads.io › blog › linkedhelper-altern...",,,"2025-07-02T12:00:00.000Z",,,,,,,"LinkedIn profile","enrich","job","each LinkedIn profile",,,,,,,,,,,,"172",,,"organic",
"How To Export LinkedIn Group Members To Excel? (2026)","https://evaboot.com/blog/export-linkedin-group-members","Here is all the data you can get when you scrape and export LinkedIn Group Members with Sales Navigator and Evaboot: Profile URL; Job title; Job ...Read more","https://evaboot.com › ... › Linkedin Scraping",,,"2021-11-10T12:00:00.000Z",,,,"5",,,"all","LinkedIn","Profile URL","Job","Job",,,,,,"127",,,,,"173",,,"organic",
"Linkedin Tips For Career Advancement","https://www.instagram.com/popular/linkedin-tips-for-career-advancement/","part 2 of my job searching strategy 2.0. i added keywords in my linkedin profile and started to get more recruiter dms. This is a bit of ...Read more","https://www.instagram.com › popular › linkedin-tips-fo...",,,,,,,,"popular",,"job","linkedin profile",,,,,,,,,,,,,,"174",,,"organic",
"Use My 2 Powerful Strategies on LinkedIn to Land in ...","https://www.instagram.com/reel/DUnCJjcAoeC/","And we are going to find a data analyst position today because we want to apply for a data analyst job as you can see there are so many data ...","Instagram › successlifestylehub01",,,,,,,,"reel",,,,,,,,,,"2 weeks ago","2 likes",,,,,,"175",,"5:54","organic",
"How to Create Effective Recruitment Outreach LinkedIn ...","https://profitoutreach.app/blog/recruitment-outreach-linkedin-sequence/","A Recruitment Outreach LinkedIn Sequence is a targeted campaign to connect with potential job candidates on LinkedIn to fill open positions. Here are its key ...Read more","https://profitoutreach.app › ... › LinkedIn",,,,,,,,,,"LinkedIn","job","LinkedIn",,,,,,,,,,,,,"176",,,"organic",
"How to Use Linkedin Features Wisely","https://www.linkedin.com/top-content/recruitment-hr/maximizing-your-linkedin-presence/how-to-use-linkedin-features-wisely/","Summary · Update your profile: Write a clear headline, fill in your “About” section with your career journey, and add relevant keywords so recruiters can easily ...Read more","https://www.linkedin.com › top-content › recruitment-hr",,,,,,,,,,"profile","career",,,,,,,,,,,,,,"177",,,"organic",
"5 Proven Techniques for Generating Engaging LinkedIn ...","https://causalytics.ai/article/5-proven-techniques-for-generating-engaging-linkedin-content-ideas","By leveraging industry trends, you can create content that is not only timely but also resonates deeply with your audience. Technique 2: Analyse Competitor ...Read more","https://causalytics.ai › article › 5-proven-techniques-for...",,,,,,,,,,"create",,,,,,,,,,,,,,,"178",,,"organic",
"7 Proven LinkedIn Hacks to Attract Recruiters & Employers","https://runtimerec.com/linkedin-hacks/","Your LinkedIn headline is the first thing recruiters see. It's essential to use relevant keywords that reflect your skills and the type of job ...Read more","https://runtimerec.com › linkedin-hacks",,,"2024-01-25T12:00:00.000Z",,,,,,,"LinkedIn","job",,,,,,,,,,,,,,"179",,,"organic",
"Example of mechanical signal segmentation: (a) collected ...","https://www.researchgate.net/figure/Example-of-mechanical-signal-segmentation-a-collected-sound-signal-at-the-speed-of_fig9_333189673","Example of mechanical signal segmentation: (a) collected sound signal at the speed of 400 rpm; (b) segmentation results (the red line connects the starting time ...Read more","https://www.researchgate.net › figure › Example-of-me...",,,,,,,,,,"signal segmentation","signal","segmentation",,,,,,,,,,,,,"300",,,"organic",
"Customer Segmentation as a Revenue Generator for Profit ...","https://www.mdpi.com/2227-7390/11/21/4425","by T Tavor · 2023 · Cited by 16 — Typically, when geographic segmentation is used, the consumer's location (residence) serves as the only criterion to form market segments. The ...Read more","https://www.mdpi.com › ...",,,,,,,,,,"segmentation","used",,,,,,,,,,,,,"by T Tavor · 2023 · Cited by 16 — Typically, when geographic segmentation is used, the consumer's location (residence) serves as the only criterion to form market segments. The ...Read more","301",,,"organic",
"Airlines face complex compliance landscape amidst ...","https://www.linkedin.com/posts/snigam_airlines-sustainability-compliance-activity-7431685700816871427-byCt","... industry players: contracts, due diligence, fuel planning, financial ... Monitoring plans, voyage segmentation, berth energy, and verification ...Read more","LinkedIn › Shashank Nigam ✈",,,,,,,,,,"industry","segmentation",,,,,,,,,,,,,,"302",,,"organic",
"Example of the segmentation applied in this work. ...","https://www.researchgate.net/figure/Example-of-the-segmentation-applied-in-this-work-The-resultant-signal-is-a-combination_fig5_372370821","The resultant signal is a combination of the four most relevant channels. The threshold signal is used ... industrial systems. View ... Although the Myo ...Read more","https://www.researchgate.net › figure › Example-of-the...",,,,,,,,,,"signal","relevant","signal","used","industrial",,,,,,,,,,,"303",,,"organic",
"Advances in biomedical signal and image processing","https://www.sciencedirect.com/science/article/pii/S2352914817300242","by J Rajeswari · 2017 · Cited by 81 — Segmentation is a process that is used for eliminating the complex procedures in images. The information from texture, shape, contours, etc., is used in the ...Read more","https://www.sciencedirect.com › science › article › pii",,,,,,,,,,"Segmentation","used","used",,,,,,,,,,,,"by J Rajeswari · 2017 · Cited by 81 — Segmentation is a process that is used for eliminating the complex procedures in images. The information from texture, shape, contours, etc., is used in the ...Read more","304",,,"organic",
"Target Tracking from Weak Acoustic Signals in an ...","https://www.mdpi.com/2077-1312/11/8/1584","by W Shin · 2023 · Cited by 7 — Deep-learning-based segmentation networks have been used for many practical applications, including face recognition [7,8] and detection [9,10], medical image ...Read more","https://www.mdpi.com › ...",,,,,,,,,,"segmentation","used",,,,,,,,,,,,,"by W Shin · 2023 · Cited by 7 — Deep-learning-based segmentation networks have been used for many practical applications, including face recognition [7,8] and detection [9,10], medical image ...Read more","305",,,"organic",
"An example of segmentation on the Throttle Position (TP)...","https://www.researchgate.net/figure/An-example-of-segmentation-on-the-Throttle-Position-TP-signal-In-ADSAS-the-segment_fig7_2244039","... TP we can make a good estimate of the vehicle's state at any given time and partition the signal into segments representing time periods when the vehicle ...Read more","https://www.researchgate.net › figure › An-example-of-...",,,,,,,,,,"good","signal",,,,,,,,,,,,,,"306",,,"organic",
"Signal Processing - an overview","https://www.sciencedirect.com/topics/engineering/signal-processing","Another commonly used time–frequency–domain analysis tool is Wigner–Ville distribution. It is based on bilinear transform instead of signal segmentation.Read more","https://www.sciencedirect.com › topics › engineering › si...",,,,,,,,,,"used","signal segmentation",,,,,,,,,,,,,,"307",,,"organic",
"A Deep Learning Approach to Teeth Segmentation and ...","https://www.mdpi.com/2624-6120/6/3/40","by M Deb · 2025 · Cited by 7 — Furthermore, we create oriented bounding box coordinates for each tooth using a PCA-based approach. Signals 06 00040 g002. Figure 2. Tooth labeling used in this ...Read more","https://www.mdpi.com › ...",,,,,,,,,,"Signals","used",,,,,,,,,,,,,"by M Deb · 2025 · Cited by 7 — Furthermore, we create oriented bounding box coordinates for each tooth using a PCA-based approach. Signals 06 00040 g002. Figure 2. Tooth labeling used in this ...Read more","308",,,"organic",
"Signal segmentation into each cycle from the original data.","https://www.researchgate.net/figure/Signal-segmentation-into-each-cycle-from-the-original-data_fig2_367110657","A robot is essential in many industrial and manufacturing facilities due to its efficiency, accuracy, and durability. However, continuous use of the robotic ...Read more","https://www.researchgate.net › figure › Signal-segmenta...",,,,,,,,,,"industrial",,,,,,,,,,,,,,,"309",,,"organic",
"Postory Blog | Professional LinkedIn Content Tips","https://postory.ai/en/blog","Boost student employability by transforming LinkedIn profiles into powerful career tools. Learn how universities can guide students to professional success and ...Read more","https://postory.ai › blog",,,,,,,,,,"LinkedIn","career",,,,,,,,,,,,,,"180",,,"organic",
"How to Find Candidates on LinkedIn","https://dripify.com/how-to-find-candidates-on-linkedin/","1. Optimize Your Profile; 2. Use Advanced Search; 3. Join Relevant Groups; 4. Leverage Connections; 5 ...Read more","https://dripify.com › Blog › LinkedIn Hacks",,,"2026-01-12T12:00:00.000Z",,,,,,,"Profile",,,,,,,,,,,,,,,"181",,,"organic",
"Employee Handbook - Personnel Cabinet - Kentucky.gov","https://personnel.ky.gov/Documents/DHRA%20Documents/EmployeeHandbook.pdf","All job class specifications may be found on the Personnel Cabinet's website. ... placement on the re-employment lists with all seniority rights intact). In ...Read more","https://personnel.ky.gov › Documents › Employee...",,,,,,,,,,"All job","website","employment","all seniority",,,,,,,,,,,,"182",,,"organic",
"17 Steps To Revamp Your LinkedIn Profile To Attract Recruiters","https://williano.medium.com/17-steps-to-revamp-your-linkedin-profile-to-attract-recruiters-part-2-8aad0c88b9a1?source=topics_v2---------42-84--------------------84454b9c_cb06_4f65_b97e_ce614e94dc79-------19","Part 1 of the article talked about your real name, profile picture, background cover photo, headline, summary, featured section and your job ...Read more","90+ likes  ·  4 years ago",,,,,,,,,,"profile","job",,,,,,,,,,,,,,"183",,,"organic",
"Diary Of A First-Time CMO Vol 2 | Scaling Marketing Success","https://www.cognism.com/diary-of-a-first-time-cmo-volume-2","And LinkedIn creative tracking. Website team's top pick: Hubspot. We use Hubspot CMS Hub to create, build, manage and maintain all our websites for all brands.Read more","https://www.cognism.com › diary-of-a-first-time-cmo-vo...",,,,,,,,,,"LinkedIn","Website","create","build","all","all",,,,,,,,,,"184",,,"organic",
"Participant Management for Qualitative Research","https://www.userinterviews.com/blog/participant-management-qualitative-research","history to ensure the right fit for each project. Re-engage ... process, and keep participant data organized for every study. 4 ...Read more","https://www.userinterviews.com › blog › participant-ma...",,,"2025-08-29T12:00:00.000Z",,,,,,,"history","each","process","participant","every",,,,,,,,,,,"185",,,"organic",
"Creating a Winning LinkedIn Profile: Insider Secrets and ...","https://www.youtube.com/watch?v=8jrqfZlMDD4","Everyone needs a LinkedIn profile, whether you're a fresher or with 20+ years experience. Whether you're looking for a job change, or not.","YouTube › Savinder Puri",,,,,,,,,,,,,,,,,,"3 years ago",,,,,,,"186",,,"organic","1.2K+ views"
"What are a few tricks and hacks to manage your Naukri ...","https://www.quora.com/What-are-a-few-tricks-and-hacks-to-manage-your-Naukri-and-LinkedIn-accounts-to-crack-a-good-job","... and LinkedIn accounts to crack a good job? All related (32). Recommended. Profile photo for Assistant. Assistant. Bot ·. Sep 6.Read more","1 answer  ·  11 years ago",,,,,,,,,,"LinkedIn","job","All","Profile",,,,,,,,,,,,"187",,,"organic",
"7 Tools to Boost Your Candidate Pool | PDF | Recruitment","https://www.scribd.com/document/642443667/7-secret-tools-to-increase-your-candidate-pool-by-100x-pdf","Just visit their website dripify.io and create your free account. Dripify LinkedIn automation is ... list of different jobs listed on our website. Each job that ...Read more","https://www.scribd.com › document",,,,,,,,,,"website","create","LinkedIn","jobs","website","Each job",,,,,,,,,,"188",,,"organic",
"The Secret Hack You Can Use On LinkedIn To Help ...","https://www.workitdaily.com/secret-hack-linkedin-help-recruiters?utm_source=feedburner&utm_medium=feed&utm_campaign=Feed%3A+careerealism+%28CAREEREALISM%29&SuperSocializerAuth=LiveJournal","LinkedIn also uses an algorithm. And when recruiters search for candidates, they typically search for specific keywords relating to the jobs they're looking to ...Read more","https://www.workitdaily.com › secret-hack-linkedin-help...",,,,,,,,,,"LinkedIn","jobs",,,,,,,,,,,,,,"189",,,"organic",
"A Comparative Analysis of Time and Frequency Domain ...","https://www.researchgate.net/publication/388089399_Segmentation_of_Surface_Electromyography_Signals_A_Comparative_Analysis_of_Time_and_Frequency_Domain_Methods","constant to be useful for segmentation purposes. ... An optimum frequency resolution is useful for extracting features of any signals for further ...Read more","https://www.researchgate.net › publication › 38808939...",,,"2025-08-19T12:00:00.000Z",,,,,,,"useful for segmentation","useful","signals",,,,,,,,,,,,,"310",,,"organic",
"Anomaly Detection and Segmentation in Measurement ...","https://www.mdpi.com/1424-8220/25/17/5526","by J Dembski · 2025 · Cited by 4 — For both stages, the same signals from training subset are used. 3.2.1. Training Stage of NPH. The neural network models were trained based on training examples ...Read more","https://www.mdpi.com › ...",,,,,,,,,,"signals","used",,,,,,,,,,,,,"by J Dembski · 2025 · Cited by 4 — For both stages, the same signals from training subset are used. 3.2.1. Training Stage of NPH. The neural network models were trained based on training examples ...Read more","311",,,"organic",
"Time Series Segmentation Using Neural Networks with ...","https://www.mdpi.com/2079-9292/10/15/1805","by P Matias · 2021 · Cited by 27 — Illustration of the Hourglass Neural Network architecture, for univariate signals, used to define the first training stage performed on ECG ...Read more","https://www.mdpi.com › ...",,,,,,,,,,"signals","used",,,,,,,,,,,,,"by P Matias · 2021 · Cited by 27 — Illustration of the Hourglass Neural Network architecture, for univariate signals, used to define the first training stage performed on ECG ...Read more","312",,,"organic",
"Variable spectral segmentation empirical wavelet transform ...","https://www.sciencedirect.com/science/article/abs/pii/S1051200421001901","by K Zhang · 2021 · Cited by 15 — In addition, the MIT-BIH Arrhythmia Database is used to verify the applicability of the proposed method. Introduction. Digital signal processing is the ...Read more","https://www.sciencedirect.com › article › abs › pii",,,,,,,,,,"used","signal",,,,,,,,,,,,,"by K Zhang · 2021 · Cited by 15 — In addition, the MIT-BIH Arrhythmia Database is used to verify the applicability of the proposed method. Introduction. Digital signal processing is the ...Read more","313",,,"organic",
"Optimal segmentation of signals and its application to ...","https://www.researchgate.net/publication/4138206_Optimal_segmentation_of_signals_and_its_application_to_image_denoising_and_boundary_feature_extraction","Request PDF | Optimal segmentation of signals and its application to image denoising and boundary feature extraction | An optimal procedure ...","https://www.researchgate.net › publication › 4138206_...",,,"2025-08-06T12:00:00.000Z",,,,,,,"segmentation","signals",,,,,,,,,,,,,,"314",,,"organic",
"A Review of Machine Learning and Deep ...","https://www.mdpi.com/2227-7080/12/2/15","by N Manakitsa · 2024 · Cited by 312 — Pattern recognition can also be used for image preprocessing and image segmentation, which are essential steps for many computer vision tasks [113,114,115].Read more","https://www.mdpi.com › ...",,,,,,,,,,"used","segmentation",,,,,,,,,,,,,"by N Manakitsa · 2024 · Cited by 312 — Pattern recognition can also be used for image preprocessing and image segmentation, which are essential steps for many computer vision tasks [113,114,115].Read more","315",,,"organic",
"Data segmentation of effective power signals in the ...","https://www.sciencedirect.com/science/article/pii/S2212827119301234/pdf?md5=8f013cfc5edcc63376d9a7cc04a0cd97&pid=1-s2.0-S2212827119301234-main.pdf","by F Klocke · 2019 · Cited by 4 — Especially in machining the ability to segment a signal into its relevant parts plays an important role when developing tool condition monitoring systems [8].Read more","https://www.sciencedirect.com › article › pii › pdf",,,,,,,,,,"segment","signal","relevant",,,,,,,,,,,,"by F Klocke · 2019 · Cited by 4 — Especially in machining the ability to segment a signal into its relevant parts plays an important role when developing tool condition monitoring systems [8].Read more","316",,,"organic",
"Strategic Consumer Segmentation and Dynamic Pricing for ...","https://www.mdpi.com/2227-7390/12/21/3364","by LD Gonen · 2024 · Cited by 19 — This stark contrast in consumer behavior highlights the importance of dynamic pricing strategies tailored to these consumer segments' unique ...Read more","https://www.mdpi.com › ...",,,,,,,,,,"importance",,,,,,,,,,,,,,"by LD Gonen · 2024 · Cited by 19 — This stark contrast in consumer behavior highlights the importance of dynamic pricing strategies tailored to these consumer segments' unique ...Read more","317",,,"organic",
"(PDF) Spectrogram segmentation by means of statistical ...","https://www.researchgate.net/publication/3318459_Spectrogram_segmentation_by_means_of_statistical_features_for_non-stationary_signal_interpretation","... relevant for the signal understanding. Examples are presented concerning synthetic and real signals. …Read more","https://www.researchgate.net › publication › 3318459_...",,,,,,,,,,"relevant","signal","signals",,,,,,,,,,,,,"318",,,"organic",
"Advances in Deep Learning for Semantic Segmentation of ...","https://www.mdpi.com/1424-8220/25/7/2043","by C Urrea · 2025 · Cited by 13 — Instrument used to evaluate the rigor, relevance, presentation of results, and credibility of the selected publications after applying the inclusion and ...Read more","https://www.mdpi.com › ...",,,,,,,,,,"used","relevance",,,,,,,,,,,,,"by C Urrea · 2025 · Cited by 13 — Instrument used to evaluate the rigor, relevance, presentation of results, and credibility of the selected publications after applying the inclusion and ...Read more","319",,,"organic",
"How to Use Linkedin Features Wisely","https://www.linkedin.com/top-content/recruitment-hr/maximizing-your-linkedin-presence/how-to-use-linkedin-features-wisely/","Summary · Update your profile: Write a clear headline, fill in your “About” section with your career journey, and add relevant keywords so recruiters can easily ...Read more","https://www.linkedin.com › top-content › recruitment-hr",,,,,,,,,,"profile","career",,,,,,,,,,,,,,"190",,,"organic",
"Who is Callum Downie? Discover Their Role as Co- ...","https://www.highperformr.ai/people/calmdown13","... LinkedIn activity, job changes, and more — all in one powerful view. Highperformr AI helps you surface the right people and enrich your CRM with live ...Read more","https://www.highperformr.ai › people › calmdown13",,,,,,,,,,"LinkedIn","job","all","enrich",,,,,,,,,,,,"191",,,"organic",
"Hack the Hiring Process with LinkedIn","https://www.youtube.com/watch?v=hYWCn8bnp08","world's most competitive jobs. Now, they've compiled all the most effective techniques they learned inside LinkedIn to help you do the same ...","YouTube › Shocker Career Accelerator",,,,,,,,,,,,,,,,,,"3 years ago",,,,,,,"192",,,"organic","240+ views"
"Real-World Hiring Process Experiences","https://www.linkedin.com/top-content/recruitment-hr/employee-experience/real-world-hiring-process-experiences/","Make your Linkedin look professional Many applicants had unprofessional profile photos, large employment gaps, or short stints at companies. While you ...Read more","https://www.linkedin.com › ... › Employee Experience",,,,,,,,,,"Make","Linkedin","profile","employment",,,,,,,,,,,,"193",,,"organic",
"Make Your LinkedIn Profile 10X Better in 1 Hour","https://www.youtube.com/watch?v=jE1k7EdJhok","I will discuss why you must do these things to be successful on LinkedIn. Find out what I learned from teaching LinkedIn to more than 500 ...","YouTube › Knowledge Enthusiast",,,,,,,,,,,,,,,,,,"2 years ago",,,,,,,"194",,,"organic","18.6K+ views"
"How to write a strong LinkedIn post for job seekers","https://www.linkedin.com/posts/amirsatvat_nothing-is-a-magic-solution-in-job-seeking-activity-7367604001695092737-CrPB","Share a link to your resume and/or portfolio. 6. Thank those helping and ask directly for engagement. 7. Tag 2–5 key allies or organizations. 8.Read more","LinkedIn › Amir Satvat",,,,,,,,,,"link",,,,,,,,,,,,,,,"195",,,"organic",
"3 LinkedIn strategies + 5 hacks to increase your profile's visibility","https://www.youtube.com/watch?v=5fk2yy29Khc","You might be missing some great work opportunities because you don't know how to approach LinkedIn in the best way during your job searching ...","YouTube › Juliana Rabbi",,,,,,,,,,,,,,,,,,"2 years ago",,,,,,,"196",,,"organic","70+ views"
"New-Recruiter-Jobs-Job-Wrapping-Guide- ...","https://business.linkedin.com/content/dam/me/business/en-us/talent-solutions-lodestone/body/pdf/New-Recruiter-Jobs-Job-Wrapping-Guide-PPT.pdf","Clicking here will take you to the Talent. Pool tab. 3. Clicking here will take you to the list of candidates who clicked Apply on. LinkedIn. These candidates ...Read more","https://business.linkedin.com › en-us › body › pdf",,,,,,,,,,"LinkedIn",,,,,,,,,,,,,,,"197",,,"organic",
"Linkdin Assignment | PDF | Linked In","https://www.scribd.com/document/916532943/Linkdin-Assignment","... LinkedIn profile appear more frequently in recruiter searches? A ... Creating An Outstanding LinkedIn Profile Quiz - Career and Research Skills Training.Read more","https://www.scribd.com › document › Linkdin-Assignm...",,,,,,,,,,"LinkedIn profile","searches","Creating","LinkedIn Profile","Career",,,,,,,,,,,"198",,,"organic",
"LinkedIn Profile Tips: 3 Recruiters reached out within 36 ...","https://www.youtube.com/watch?v=3SjvQoIopms","In this video, I share simple yet powerful LinkedIn profile tips that can significantly impact your job search. With just a few strategic ...","YouTube › Lissa Appiah | Career Strategist",,,,,,,,,,,,,,,,,,"1 year ago",,,,,,,"199",,,"organic","1.3K+ views"
"CASCA-YOLOv8: An Enhanced Framework for Accurate ...","https://www.mdpi.com/1999-4893/19/3/171","Pointer-type instruments are commonly used in important industrial ... A hybrid segmentation technique that combines U2Net-based fine segmentation with the ...Read more","https://www.mdpi.com › ...",,,,,,,,,,"used","industrial","segmentation","segmentation",,,,,,,,,,,,"320",,,"organic",
"Part I: Signal fault analysis, signal segmentation, feature ...","https://www.researchgate.net/publication/3155049_Automotive_signal_fault_diagnostics_-_Part_I_Signal_fault_analysis_signal_segmentation_feature_extraction_and_quasi-optimal_feature_selection","We use similar statistical features as mentioned in [15] as basic features to aggregate the signals: arithmetical mean, 25 th and 75 th ...Read more","https://www.researchgate.net › publication › 3155049_...",,,"2025-08-06T12:00:00.000Z",,,,,,,"signals",,,,,,,,,,,,,,,"321",,,"organic",
"A Multi-Scale Global Fusion-Based Method for Surface ...","https://www.mdpi.com/1424-8220/26/5/1440","... segmentation network termed MGF-UNet. In the shallow layers, we integrate multi-scale feature sensing (MFS) and grouped efficient multi-scale attention (EMA) ...","https://www.mdpi.com › ...",,,,,,,,,,"segmentation",,,,,,,,,,,,,,,"322",,,"organic",
"Brain Tumor Classification Using DINO Features and ...","https://www.mdpi.com/2079-9292/15/5/952","Rudro et al. (2025) [32] introduced an SSL method for brain tumor segmentation and classification using SimCLR and an EfficientNetB3 backbone. They used SSL- ...Read more","https://www.mdpi.com › ...",,,,,,,,,,"segmentation","used",,,,,,,,,,,,,,"323",,,"organic",
"Machine Learning-Based Prognostic Prediction for Knee ...","https://www.mdpi.com/2411-5142/11/1/94","... signals were used for gait-cycle segmentation, while wavelet-based time–frequency features were extracted from tibial acceleration only. Outcomes were ...","https://www.mdpi.com › ...",,,,,,,,,,"signals","used","segmentation",,,,,,,,,,,,,"324",,,"organic",
"How Do Street Physical Environments Shape Pedestrian ...","https://www.mdpi.com/2075-5309/16/5/920","In high-density urban cores, pedestrian safety perception is shaped not only by street physical environments but also by pronounced spatial heterogeneity.","https://www.mdpi.com › ...",,,,,,,,,,,,,,,,,,,,,,,,,"325",,,"organic",
"Predictive Thermal Management for Dual PWM Fans in ...","https://www.mdpi.com/2571-5577/9/3/50","... relevance, whether in improving responsiveness, preventing heat ... Additionally, ATmega328P has been used in industrial automation contexts ...Read more","https://www.mdpi.com › ...",,,,,,,,,,"relevance","used","industrial",,,,,,,,,,,,,"326",,,"organic",
"Hydraulic Engineering Assessment of Empirical Equations ...","https://www.mdpi.com/2073-4441/18/5/548","... segmentation, as no single empirical formulation dominates the entire volume ... industry [9]. In many cases, affected communities experience economic ...Read more","https://www.mdpi.com › ...",,,,,,,,,,"segmentation","industry",,,,,,,,,,,,,,"327",,,"organic",
"FISH-Dist: An Automated Pipeline for 3D Genomic Spatial ...","https://www.mdpi.com/2306-5354/13/3/268","Accurate quantification of spatial distances between fluorescent signals in multi-channel 3D microscopy is essential for understanding genomic organization ...","https://www.mdpi.com › ...",,,,,,,,,,"signals",,,,,,,,,,,,,,,"328",,,"organic",
"Computer Vision and XRF-IoT Sensor Systems for ...","https://www.mdpi.com/2079-9292/15/5/962","Given the strategic importance of export crops for global trade, food security, and environmental sustainability, a structured synthesis is required to ...Read more","https://www.mdpi.com › ...",,,,,,,,,,"importance",,,,,,,,,,,,,,,"329",,,"organic",
"How to Find Candidates on LinkedIn","https://dripify.com/how-to-find-candidates-on-linkedin/","1. Optimize Your Profile; 2. Use Advanced Search; 3. Join Relevant Groups; 4. Leverage Connections; 5 ...Read more","https://dripify.com › Blog › LinkedIn Hacks",,,"2026-01-12T12:00:00.000Z",,,,,,,"Profile",,,,,,,,,,,,,,,"200",,,"organic",
"Employee Handbook - Personnel Cabinet - Kentucky.gov","https://personnel.ky.gov/Documents/DHRA%20Documents/EmployeeHandbook.pdf","All job class specifications may be found on the Personnel Cabinet's website. ... placement on the re-employment lists with all seniority rights intact). In ...Read more","https://personnel.ky.gov › Documents › Employee...",,,,,,,,,,"All job","website","employment","all seniority",,,,,,,,,,,,"201",,,"organic",
"What are a few tricks and hacks to manage your Naukri ...","https://www.quora.com/What-are-a-few-tricks-and-hacks-to-manage-your-Naukri-and-LinkedIn-accounts-to-crack-a-good-job","... and LinkedIn accounts to crack a good job? All related (32). Recommended. Profile photo for Assistant. Assistant. Bot ·. Sep 6.Read more","1 answer  ·  11 years ago",,,,,,,,,,"LinkedIn","job","All","Profile",,,,,,,,,,,,"202",,,"organic",
"The Secret Hack You Can Use On LinkedIn To Help ...","https://www.workitdaily.com/secret-hack-linkedin-help-recruiters?utm_source=feedburner&utm_medium=feed&utm_campaign=Feed%3A+careerealism+%28CAREEREALISM%29&SuperSocializerAuth=LiveJournal","LinkedIn also uses an algorithm. And when recruiters search for candidates, they typically search for specific keywords relating to the jobs they're looking to ...Read more","https://www.workitdaily.com › secret-hack-linkedin-help...",,,,,,,,,,"LinkedIn","jobs",,,,,,,,,,,,,,"203",,,"organic",
"17 Steps To Revamp Your LinkedIn Profile To Attract Recruiters","https://williano.medium.com/17-steps-to-revamp-your-linkedin-profile-to-attract-recruiters-part-2-8aad0c88b9a1?source=topics_v2---------42-84--------------------84454b9c_cb06_4f65_b97e_ce614e94dc79-------19","Part 1 of the article talked about your real name, profile picture, background cover photo, headline, summary, featured section and your job ...Read more","90+ likes  ·  4 years ago",,,,,,,,,,"profile","job",,,,,,,,,,,,,,"204",,,"organic",
"Diary Of A First-Time CMO Vol 2 | Scaling Marketing Success","https://www.cognism.com/diary-of-a-first-time-cmo-volume-2","And LinkedIn creative tracking. Website team's top pick: Hubspot. We use Hubspot CMS Hub to create, build, manage and maintain all our websites for all brands.Read more","https://www.cognism.com › diary-of-a-first-time-cmo-vo...",,,,,,,,,,"LinkedIn","Website","create","build","all","all",,,,,,,,,,"205",,,"organic",
"HeyReach Blog - LinkedIn Outbound Playbooks & Guides","https://www.heyreach.io/blog","Real-life LinkedIn outreach campaigns, case studies, templates, and secret tactics to get more replies and more qualified leads.","https://www.heyreach.io › blog",,,,,,,,,,"LinkedIn",,,,,,,,,,,,,,,"206",,,"organic",
"Participant Management for Qualitative Research","https://www.userinterviews.com/blog/participant-management-qualitative-research","history to ensure the right fit for each project. Re-engage ... process, and keep participant data organized for every study. 4 ...Read more","https://www.userinterviews.com › blog › participant-ma...",,,"2025-08-29T12:00:00.000Z",,,,,,,"history","each","process","participant","every",,,,,,,,,,,"207",,,"organic",
"7 Tools to Boost Your Candidate Pool | PDF | Recruitment","https://www.scribd.com/document/642443667/7-secret-tools-to-increase-your-candidate-pool-by-100x-pdf","Just visit their website dripify.io and create your free account. Dripify LinkedIn automation is ... list of different jobs listed on our website. Each job that ...Read more","https://www.scribd.com › document",,,,,,,,,,"website","create","LinkedIn","jobs","website","Each job",,,,,,,,,,"208",,,"organic",
"Exploring How Organizations Ensure the Hiring Process is ...","https://scholarworks.waldenu.edu/cgi/viewcontent.cgi?article=12027&context=dissertations","by N Stafford-Cotton · 2021 · Cited by 3 — Even with research on employers/employment extending well over 30 years, the knowledge of hiring practices remains incomplete, and employer hiring processes ...Read more","https://scholarworks.waldenu.edu › viewcontent",,,,,,,,,,"employment","processes",,,,,,,,,,,,,"by N Stafford-Cotton · 2021 · Cited by 3 — Even with research on employers/employment extending well over 30 years, the knowledge of hiring practices remains incomplete, and employer hiring processes ...Read more","209",,,"organic",
"Who is Johanne Lim? Discover Their Role as CEO ...","https://www.highperformr.ai/people/johannelim","... LinkedIn activity, job changes, and more — all in one powerful view. Highperformr AI helps you surface the right people and enrich your CRM with live ...Read more","https://www.highperformr.ai › people › johannelim",,,,,,,,,,"LinkedIn","job","all","enrich",,,,,,,,,,,,"210",,,"organic",
"Souvik Ghosh's Post","https://www.linkedin.com/posts/szsouvikzs_3-linkedin-hacks-to-get-noticed-by-it-recruiters-activity-7265703094666043392-6Zjl","22 Nov 2024 — 3 LinkedIn Hacks to Get Noticed by IT Recruiters Here's a secret: 90% of IT recruiters use LinkedIn to find candidates BEFORE they post jobs ...","https://www.linkedin.com › posts › szsouvikzs_3-linkedi...",,,"2024-11-22T12:00:00.000Z",,,,,,,"LinkedIn","LinkedIn","jobs",,,,,,,,,,,,,"211",,,"organic",
"Ex-Google Recruiter: LinkedIn Profile Secrets That'll Get You ...","https://www.youtube.com/watch?v=nL9fmH7hVok","Are you job-ready? Let one of our resume experts review your LinkedIn profile: https://mentorcruise.com/experts/resume/ I break down exactly ...","YouTube › MentorCruise",,,,,,,,,,,,,,,,,,"5 months ago",,,,,,,"212",,,"organic","540+ views"
"Top LinkedIn Content on Job Search Strategies","https://www.linkedin.com/top-content/career/job-search-strategies/","Action: → Create an automated process to send assessments to all applicants before looking at their job history. 2. Focus on what they'll actually do: Why ...Read more","https://www.linkedin.com › Top Content › Career",,,,,,,,,,"Create","process","all","job history",,,,,,,,,,,,"213",,,"organic",
"How To Use LinkedIn To Get MORE Job interviews! (11 ...","https://www.youtube.com/watch?v=3wynufB7NrI","... each step of the hiring process, and ultimately land the dream job you deserve. But that's not all - I firmly believe that to truly experience ...","YouTube › A Life After Layoff",,,,,,,,,,,,,,,,,,"5 months ago",,,,,,,"214",,,"organic","43K+ views"
"LinkedIn Profile Tips: 3 Recruiters reached out within 36 ...","https://www.youtube.com/watch?v=3SjvQoIopms","In this video, I share simple yet powerful LinkedIn profile tips that can significantly impact your job search. With just a few strategic ...","YouTube › Lissa Appiah | Career Strategist",,,,,,,,,,,,,,,,,,"1 year ago",,,,,,,"215",,,"organic","1.3K+ views"
"Linkdin Assignment | PDF | Linked In","https://www.scribd.com/document/916532943/Linkdin-Assignment","... LinkedIn profile appear more frequently in recruiter searches? A ... Creating An Outstanding LinkedIn Profile Quiz - Career and Research Skills Training.Read more","https://www.scribd.com › document › Linkdin-Assignm...",,,,,,,,,,"LinkedIn profile","searches","Creating","LinkedIn Profile","Career",,,,,,,,,,,"216",,,"organic",
"11 Hiring Hacks Every Recruiter Should Know In 2017","https://www.linkedin.com/business/talent/blog/talent-strategy/hiring-hacks-every-recruiter-should-know","26 Sept 2016 — Making sure the application process is friendly and pleasant ... Make Linkedin your employer branding machine. If you have 10,000 ...Read more","https://www.linkedin.com › talent › blog › talent-strategy",,,"2016-09-26T12:00:00.000Z",,,,,,,"Making","process","Make Linkedin",,,,,,,,,,,,,"217",,,"organic",
"Job Seekers on LinkedIn Need to Know These 8 Things","https://www.youtube.com/watch?v=D7DIHNK2DYw","... make recruiters take note of your profile. Remember, this feature may not be available on every page, and its effectiveness may vary. 4. *Career ...","YouTube › Jeff Su",,,,,,,,,,,,,,,,,,"2 years ago",,,,,,,"218",,,"organic","2.2L+ views"
"Who is Anya Sharma? Discover Their Role as Ceo","https://www.highperformr.ai/people/eurotech-equipments-104715189","... LinkedIn activity, job changes, and more — all in one powerful view. Highperformr AI helps you surface the right people and enrich your CRM with live ...Read more","https://www.highperformr.ai › people › eurotech-equip...",,,,,,,,,,"LinkedIn","job","all","enrich",,,,,,,,,,,,"219",,,"organic",
"Who is Lucas Ochoa? Discover Their Role as Co- ...","https://www.highperformr.ai/people/lucasrunautomat","... LinkedIn activity, job changes, and more — all in one powerful view. Highperformr AI helps you surface the right people and enrich your CRM with live ...Read more","https://www.highperformr.ai › people › lucasrunautomat",,,,,,,,,,"LinkedIn","job","all","enrich",,,,,,,,,,,,"220",,,"organic",
"The LinkedIn Hacks I Used to Get Recruiters and Employers ...","https://www.youtube.com/watch?v=gR1WHifpyAg","In 2016 I used these LinkedIn hacks to go from unemployable to super in-demand in literally within a month. And a month later I had a job at ...","YouTube › Edward Sturm",,,,,,,,,,,,,,,,,,"1 year ago",,,,,,,"221",,,"organic","990+ views"
"Debdutta Bhowmick - Partex","https://in.linkedin.com/in/debdutta-bhowmick-441a8b1a","As a strategic HR leader with 15+ years of experience building people-first cultures… · Experience: Partex · Location: Pune District · 500+ connections on ...","LinkedIn › Debdutta Bhowmick",,,,,,,,,,,,,,,,,"4.2K+ followers",,,,"Partex",,"Pune District, Maharashtra, India","Pune District, Maharashtra, India · Partex","222",,,"organic",
"LINKEDIN HACK TO MAKE RECRUITERS COME TO YOU","https://www.youtube.com/watch?v=_49Oc34MfVQ","Increase your LinkedIn activity score by posting original thoughts & videos. Recruiters use this to find active candidates.","YouTube › Work It Daily",,,,,,,,,,,,,,,,,,"8 months ago",,,,,,,"223",,,"organic","590+ views"
"Mayuri Jain - NeerInfo Solutions","https://in.linkedin.com/in/mayuri-jain-7290481b5","Currently working in Neer Info Solutions as a Consultant.Worked in BSR & CO. LLP (KPMG)… · Experience: NeerInfo Solutions · Education: Delhi University ...","LinkedIn › Mayuri Jain",,,,,,,,,,"working",,,,,,,"4.4K+ followers",,,,"NeerInfo Solutions",,"Uttar Pradesh, India","Uttar Pradesh, India · NeerInfo Solutions","224",,,"organic",
"These 6 LinkedIn secrets will get you noticed FAST!","https://www.youtube.com/watch?v=PLHF5f8Wmlo","... LinkedIn profile tips for JOB SEEKERS in 4 minutes! These 6 LinkedIn ... Build a personal brand on LinkedIn with this course: https ...","YouTube › The Bold PhD",,,,,,,,,,,,,,,,,,"2 years ago",,,,,,,"225",,,"organic","370+ views"
"The PROVEN Strategy to REORDER Your LinkedIn ...","https://www.youtube.com/watch?v=GMfz5PaNCww","How can you re-order the jobs in your LinkedIn experience section Go to your Experience Section Select the pencil icon Click on the ^ icon.","YouTube › Raise Your Visibility Online",,,,,,,,,,,,,,,,,,"3 years ago",,,,,,,"226",,,"organic","34K+ views"
"Rakesh Sharma - VLink Inc","https://in.linkedin.com/in/rakeshscorp","Recruiting Leader with 20+ years of experience across various industries. I have a… · Experience: VLink Inc · Education: Sikkim Manipal University (SMU) ...","LinkedIn › Rakesh Sharma",,,,,,,,,,,,,,,,,"7.3K+ followers",,,,"VLink Inc",,"New Delhi, Delhi, India","New Delhi, Delhi, India · VLink Inc","227",,,"organic",
"Who is Peter Graham? Discover Their Role as Vice ...","https://www.highperformr.ai/people/pgrahamcervello","... LinkedIn activity, job changes, and more — all in one powerful view. Highperformr AI helps you surface the right people and enrich your CRM with live ...Read more","https://www.highperformr.ai › people › pgrahamcervello",,,,,,,,,,"LinkedIn","job","all","enrich",,,,,,,,,,,,"228",,,"organic",
"2 LinkedIn Hacks to Enhance Your Recruiting Brand & Attract ...","https://www.youtube.com/watch?v=YJu5MTjDz58","How To Launch & Scale Your Own Recruiting Agency To $20K/Month In 2025 (Step-By-Step Training) ...","YouTube › Recruitemy",,,,,,,,,,,,,,,,,,"3 years ago",,,,,,,"229",,,"organic","210+ views"
"Vedant Raj - Talent Monitor Executive Search","https://in.linkedin.com/in/vedant-raj-04892018b","As a professional with 4+ years of experience, I excel in, delivering training… · Experience: Talent Monitor Executive Search · Education: Indian Institute ...","LinkedIn › Vedant Raj",,,,,,,,,,,,,,,,,"370+ followers",,,,"Talent Monitor Executive Search",,"Delhi, India","Delhi, India · Talent Monitor Executive Search","230",,,"organic",
"What LinkedIn Recruiters See might Help You Build a Better ...","https://www.youtube.com/watch?v=hHoXX6PZL-4","Today we dive into LinkedIn Recruiter to set up a Search and Job Posting so you can see the filters and processes that impact your ...","YouTube › Keep Rocking Linked [In] w/ Kevin D Turner!",,,,,,,,,,,,,,,,,,"3 years ago",,,,,,,"231",,,"organic","9.7K+ views"
"Powerful Recruiting Tools I Hiring on LinkedIn","https://business.linkedin.com/hire","LinkedIn Recruiter + Hiring Assistant. The hiring platform and agentic AI built for scale with advanced sourcing, job postings, smarter automation, and ...Read more","https://business.linkedin.com › hire",,,,,,,,,,"LinkedIn","job",,,,,,,,,,,,,,"232",,,"organic",
"LinkedIn Hack: Reach Hiring Managers First! Stand Out from ...","https://www.youtube.com/watch?v=m7t4uMN3ccc","How To Launch & Scale Your Own Recruiting Agency To $20K/Month In 2025 (Step-By-Step Training) ...","YouTube › Recruitemy",,,,,,,,,,,,,,,,,,"2 years ago",,,,,,,"233",,,"organic","1.2K+ views"
"Pooja Puranik - EY","https://in.linkedin.com/in/pooja-puranik-0677b9b","... profile on LinkedIn, a professional community of 1 billion members ... Professional Enrichment Program@Continental. -. Project Management and Planning ...Read more","LinkedIn › Pooja Puranik",,,,,,,,,,"profile","LinkedIn","Enrichment",,,,,"730+ followers",,,,"EY",,"Bengaluru, Karnataka, India","Bengaluru, Karnataka, India · EY","234",,,"organic",
"How to Add Experience in Linkedin Profile? | Candid ...","https://www.youtube.com/watch?v=h5Of5wcmbAM","Here's a quick tutorial on how to add experience in Linkedin profile. Check out our website https://candid.technology/ for more guides and ...","YouTube › Candid.Technology",,,,,,,,,,,,,,,,,,"1 year ago",,,,,,,"235",,,"organic","260+ views"
"Jivak Davare - Virtuous Blooms","https://in.linkedin.com/in/jivak-davare-90420814","I believe that every organization is only as strong as the people who build it and the… · ... profile on LinkedIn, a professional community of 1 billion members.","LinkedIn › Jivak Davare",,,,,,,,,,"every","build","profile","LinkedIn",,,,"9K+ followers",,,,,,,,"236",,,"organic",
"I Changed 3 Things On LinkedIn And Got 5 Recruiters Fast!","https://www.youtube.com/watch?v=ItDkhV6KXls","... create image' function) • Canva (banner templates) • LinkedIn ... Secret #1 – Use the About section to tell your career story 01:36 ...","YouTube › PM Career Launcher",,,,,,,,,,,,,,,,,,"3 months ago",,,,,,,"237",,,"organic","60+ views"
"Ravalika Godavari - Talent Acquisition @ Recykal.com | Ex","https://in.linkedin.com/in/ravalika-godavari-a40344153","... profile on LinkedIn, a professional community of 1 billion members ... Career Consultant. Enterprise Softlabs pvt ltd. Jan 2021 - Feb 2022 1 year 2 months.Read more","LinkedIn › Ravalika Godavari",,,,,,,,,,"profile","LinkedIn","Career",,,,,"5.4K+ followers",,,,"Recykal.com","Talent Acquisition Specialist","Hyderabad, Telangana, India","Hyderabad, Telangana, India · Talent Acquisition Specialist · Recykal.com","238",,,"organic",
"LinkedIn Profile Tips: 3 Recruiters reached out within 36 ...","https://www.youtube.com/watch?v=3SjvQoIopms","In this video, I share simple yet powerful LinkedIn profile tips that can significantly impact your job search. With just a few strategic ...","YouTube › Lissa Appiah | Career Strategist",,,,,,,,,,,,,,,,,,"1 year ago",,,,,,,"239",,,"organic","1.3K+ views"
"PhantomBuster vs Lemlist: A Comparative Review of ...","https://phantombuster.com/blog/tools/phantombuster-vs-lemlist-which-sales-prospecting-tool-is-right-for-you-in-2025/","Enrichment turns a LinkedIn profile into a record your sales team can use. ... Live extraction from LinkedIn ensures every record is ...Read more","https://phantombuster.com › Blog › Tools",,,"2025-10-10T12:00:00.000Z",,,,,,,"Enrichment","LinkedIn profile","record","LinkedIn","every record",,,,,,,,,,,"240",,,"organic",
"How to write a strong LinkedIn post for job seekers","https://www.linkedin.com/posts/amirsatvat_nothing-is-a-magic-solution-in-job-seeking-activity-7367604001695092737-CrPB","Share a link to your resume and/or portfolio. 6. Thank those helping and ask directly for engagement. 7. Tag 2–5 key allies or organizations. 8.Read more","LinkedIn › Amir Satvat",,,,,,,,,,"link",,,,,,,,,,,,,,,"241",,,"organic",
"Ex-Google Recruiter: LinkedIn Profile Secrets That'll Get You ...","https://www.youtube.com/watch?v=nL9fmH7hVok","Are you job-ready? Let one of our resume experts review your LinkedIn profile: https://mentorcruise.com/experts/resume/ I break down exactly ...","YouTube › MentorCruise",,,,,,,,,,,,,,,,,,"5 months ago",,,,,,,"242",,,"organic","540+ views"
"How to beat the ATS: Tailoring your resume for success","https://www.linkedin.com/posts/dhchait_jobseeker-hiring-ats-activity-7391198589802418177-YVo5","... making behind those job processes and less on the software filing the applicant in the process. That's really where your attention is best ...Read more","LinkedIn › Daniel Chait",,,,,,,,,,"making","job processes","process",,,,,,,,,,,,,"243",,,"organic",
"Real-World Hiring Process Experiences","https://www.linkedin.com/top-content/recruitment-hr/employee-experience/real-world-hiring-process-experiences/","Make your Linkedin look professional Many applicants had unprofessional profile photos, large employment gaps, or short stints at companies. While you ...Read more","https://www.linkedin.com › ... › Employee Experience",,,,,,,,,,"Make","Linkedin","profile","employment",,,,,,,,,,,,"244",,,"organic",
"How Recruiters View Your LinkedIn Profile: Top LinkedIn ...","https://www.youtube.com/watch?v=gJMuMdpADyI","Key Takeaways: - Decoding Recruiter Searches – Learn how recruiters actually use LinkedIn to source candidates and the key filters they ...","YouTube › Jobscan",,,,,,,,,,,,,,,,,,"12 months ago",,,,,,,"245",,,"organic","3.3K+ views"
"LinkedIn Post Strategy for Job Seekers | PDF","https://www.scribd.com/document/997751708/LinkedIn-Post-Strategy-for-Job-Seekers","AI Platform Architect Creating internal developer Standardizing internal tool. platforms (IDPs) that access via MCP to avoid leverage AI. the ""M ...Read more","https://www.scribd.com › document › LinkedIn-Post-St...",,,"2026-02-13T12:00:00.000Z",,,,,,,"Creating",,,,,,,,,,,,,,,"246",,,"organic",
"15 Expert LinkedIn Strategies to Impress Recruiters and ...","https://www.linkedin.com/pulse/15-expert-linkedin-strategies-impress-recruiters-land-lindsey-pollak","Tell a story in your profile. A LinkedIn profile is not the place for a dry list of past job titles. Your profile is where you show recruiters ...Read more","LinkedIn › Lindsey Pollak",,,,,,,,,,"story","profile","LinkedIn profile","job","profile",,,,,,,,,,,"247",,,"organic",
"LinkedIn-for-Job-Seekers.pdf","https://socialimpact.linkedin.com/content/dam/me/linkedinforgood/en-us/resources/youth/LinkedIn-for-Job-Seekers.pdf","There are big differences between your LinkedIn profile and your resume. For example, your LinkedIn profile: Speaks to all potential employers,.Read more","https://socialimpact.linkedin.com › en-us › youth",,,,,,,,,,"LinkedIn profile","LinkedIn profile","all",,,,,,,,,,,,,"248",,,"organic",
"Advanced Sourcing for Recruiters - Google and LinkedIn","https://www.youtube.com/watch?v=eTUaHQGh2CM","Using Google and Bing Search Engine operators to find candidates, search LinkedIn and generally find better ways for Recruiters to recruit.","YouTube › Shane McCusker",,,,,,,,,,,,,,,,,,"13 years ago",,,,,,,"249",,,"organic","24.9K+ views"
"Top LinkedIn Content on Job Search Strategies","https://www.linkedin.com/top-content/career/job-search-strategies/","Be the advocate for your work Make your profile act like a portfolio, not just a resume. → Under each role, add 2–4 bullet points with measurable outcomes ...Read more","https://www.linkedin.com › Top Content › Career",,,,,,,,,,"Make","profile","each",,,,,,,,,,,,,"250",,,"organic",
"8 Proven LinkedIn Hacks to Land Your Dream Job FAST ...","https://www.youtube.com/watch?v=dcEedm4iIVk","From optimizing your profile picture and writing a killer headline to leveraging keywords and creating engaging content, I'll guide you step ...","YouTube › MPH Tech Academy | Launch Your Tech Career 🚀",,,,,,,,,,,,,,,,,,"1 year ago",,,,,,,"251",,,"organic","30+ views"
"3 Tools That Help You Keep Better Track of Prospects","https://www.linkedin.com/business/talent/blog/product-tips/linkedin-recruiter-tip-3-tools-every-recruiter-needs-to-know","27 May 2015 — – With the ability to attach links, files and resumes to a prospect's profile, you can build a richer profile on each prospect. For examply ...Read more","https://www.linkedin.com › talent › blog › product-tips",,,"2015-05-27T12:00:00.000Z",,,,,,,"profile","build","profile","each",,,,,,,,,,,,"252",,,"organic",
"Recruitment Training - Sourcing Hacks #1 - LinkedIn Events","https://www.youtube.com/watch?v=FdcFiMuP600","Our industry-leading platform covers every step of the recruitment process ... Go to channel Create Job Security using @AISuperstack · Optimize ...","YouTube › Recruitment Training",,,,,,,,,,,,,,,,,,"2 years ago",,,,,,,"253",,,"organic","320+ views"
"9 Tips to Save Time and Connect with the Right Candidates","https://www.linkedin.com/business/talent/blog/product-tips/tips-to-save-time-and-connect-with-right-candidates","27 Sept 2022 — Learn how LinkedIn can help at every stage of the hiring process. Post a job Request a demo. Get our newsletter. Have Talent Blog stories ...Read more","https://www.linkedin.com › talent › blog › product-tips",,,"2022-09-27T12:00:00.000Z",,,,,,,"LinkedIn","every","process","job",,,,,,,,,,,,"254",,,"organic",
"Get More Out Of LinkedIn Recruiter With These EASY Tips ...","https://www.youtube.com/watch?v=ElzTbf1CByg","Today we are talking all things LinkedIn Recruiter. This video contains tips and tricks so you can get the most out of your LinkedIn ...","YouTube › RESTACK",,,,,,,,,,,,,,,,,,"2 years ago",,,,,,,"255",,,"organic","1.9K+ views"
"How to use LinkedIn for job search | Harshit Bansal posted ...","https://www.linkedin.com/posts/harshitbansal17_hiring-hiring-hiring-activity-7334556994873282560-g_eI","Build an online presence (LinkedIn posts, GitHub, portfolio sites) that showcases your skills beyond a resume. Advice for employers: ✓ Rethink ...Read more","LinkedIn › Harshit Bansal",,,,,,,,,,"Build","LinkedIn",,,,,,,,,,,,,,"256",,,"organic",
"This Linkedin Workflow Got A 54% Reply Rate & 49 qualified ...","https://www.youtube.com/watch?v=pVQGZgWhdGo","... all without complex workflows or AI in the messaging. Here's what he'll cover: - The creative strategy behind targeting engagement from ...","YouTube › Trigify",,,,,,,,,,,,,,,,,,"1 year ago",,,,,,,"257",,,"organic","1.4K+ views"
"3 Ways Executives Can Use LinkedIn to Attract Top Talent","https://www.linkedin.com/business/talent/blog/product-tips/ways-executives-can-use-linkedin-to-attract-top-talent","30 Jul 2014 — When researching a prospective candidate or company, you can see your work history overlap and how closely you are connected. Use your first or ...Read more","https://www.linkedin.com › talent › blog › product-tips",,,"2014-07-30T12:00:00.000Z",,,,,,,"history",,,,,,,,,,,,,,,"258",,,"organic",
"LinkedIn Data Collection Techniques for Job Seekers","https://www.linkedin.com/top-content/career/leveraging-linkedin-for-job-opportunities/linkedin-data-collection-techniques-for-job-seekers/","Track interactions: Keep a simple spreadsheet or use a tool to log every recruiter or hiring manager you connect with, including their contact details and the ...Read more","https://www.linkedin.com › top-content › career › linked...",,,,,,,,,,"log every",,,,,,,,,,,,,,,"259",,,"organic",
"How to make the most of the updates headed your way.","https://business.linkedin.com/content/dam/me/business/en-us/talent-solutions-lodestone/body/pdf/LinkedIn_Step_by_Step_Guide_Apr2019_v3.pdf?trk=lts_evrst_ramp_wave3_email_users_t14&MCID=6526172720281972736","Fast, seamless, and smart, the new. Recruiter and Jobs make it easier than ever to build great teams. From viewing your search results and job applicants in one ...Read more","https://business.linkedin.com › en-us › body › pdf",,,,,,,,,,"Jobs make","build","job",,,,,,,,,,,,,"260",,,"organic",
"The Simple Candidate Experience Hack That Every ...","https://www.linkedin.com/business/talent/blog/talent-acquisition/simple-candidate-experience-hack","A key to creating great candidate experience is setting clear expectations and meeting (or beating) them. Super boring. Super simple. Super effective.","https://www.linkedin.com › blog › talent-acquisition › si...",,,,,,,,,,"creating",,,,,,,,,,,,,,,"261",,,"organic",
"12 Optimization Hacks for Promotions & Job Switch","https://www.youtube.com/watch?v=D4Q_8pXT52g","Is your LinkedIn profile getting ignored? In this video, I share 12 Powerful LinkedIn Optimization Hacks that help mid-career professionals ...","YouTube › Nazneen Nongrum",,,,,,,,,,"LinkedIn profile","LinkedIn","career",,,,,,"6 days ago",,,,,,,"262",,,"organic","20+ views"
"How LinkedIn Can Bring Recruiters to You - An Early ...","https://www.linkedin.com/pulse/how-linkedin-can-bring-recruiters-you-early-career-users-mitchko","But I show I care about my profile. I put thought and strategy in what it says and the story it tells. As a result, all my interviews in the ...Read more","LinkedIn › Sam Mitchko",,,,,,,,,,"profile","story","all",,,,,,,,,,,,,"263",,,"organic",
"This One Change to Your Website Will Dramatically ...","https://www.linkedin.com/business/talent/blog/talent-acquisition/secret-to-better-interviews","10 Aug 2017 — ... all that much about how they'll perform on the job. So Google struck ... creating a productive and equitable interviewing process. Get ...Read more","https://www.linkedin.com › secret-to-better-interviews",,,"2017-08-10T12:00:00.000Z",,,,,,,"all","job","creating","process",,,,,,,,,,,,"264",,,"organic",
"3 Advanced Tips To Improve Your LinkedIn Experience","https://www.linkedin.com/pulse/3-advanced-tips-improve-your-linkedin-experience-joe-burridge","In this video I briefly explain how you can optimise your behaviour on LinkedIn to make you appear at the top of search results and are noticed by the ...Read more","LinkedIn › Joe Burridge",,,,,,,,,,"LinkedIn","make",,,,,,,,,,,,,,"265",,,"organic",
"Make the Most of Who's Viewing Your LinkedIn Profile with ...","https://www.linkedin.com/blog/member/product/make-the-most-of-whos-viewing-your-profile-with-how-you-rank","21 May 2014 — You can click here to see your rank and get personalized recommendations on how to lift your visibility. how you rank. Whether you're a job ...Read more","https://www.linkedin.com › blog › member › product",,,"2014-05-21T12:00:00.000Z",,,,,,,"job",,,,,,,,,,,,,,,"266",,,"organic",
"Candidate Sourcing Strategies That Work","https://www.linkedin.com/top-content/recruitment-hr/candidate-recruitment-steps/candidate-sourcing-strategies-that-work/","✓ Build an internal talent pool > not every “no” is a no forever. ✓ Use digital marketing for job ads > meet candidates where their attention is. ✓ Measure ...Read more","https://www.linkedin.com › candidate-recruitment-steps",,,,,,,,,,"Build","every","job",,,,,,,,,,,,,"267",,,"organic",
"How to reduce irrelevant job applications with these 8 ...","https://www.linkedin.com/posts/joewhitetalent_sick-of-100s-of-irrelevant-applications-activity-7385751889772068865-MOsK","Remove any catch all automated posting processes ... Review this LinkedIn profile summary and tell me exactly what's weak, vague, or missing.Read more","LinkedIn › Joe White",,,,,,,,,,"all","processes","LinkedIn profile",,,,,,,,,,,,,"268",,,"organic",
"Valentina Salvi - OLX","https://it.linkedin.com/in/valentinasalvi","As part of the Ladies That UX's Mentorship Program, I'm bi-weekly dedicating my free time as a Design Mentor, providing support and guidance on career path, ...Read more","LinkedIn › Valentina Salvi",,,,,,,,,,"career",,,,,,,"3.6K+ followers",,,,,,,,"269",,,"organic",
"Enhancing the Candidate Experience | Hiring on LinkedIn","https://business.linkedin.com/talent-solutions/resources/talent-engagement/candidate-experience","Hire faster—and smarter—with these time-saving tips, tools, and templates designed to make every stage of the hiring process more efficient and effective.Read more","https://business.linkedin.com › talent-engagement › can...",,,,,,,,,,"make every","process",,,,,,,,,,,,,,"270",,,"organic",
"Max Atkins - Lead e-Commerce Engineer","https://uk.linkedin.com/in/atkinsmax","Grasping every opportunity to work in computing I was excited to work with the young people at the Academy. I ran a programming club at lunchtimes and ...Read more","LinkedIn › Max Atkins",,,,,,,,,,"every",,,,,,,"480+ followers",,,,"Boys and Boden","Lead e-Commerce Engineer","Pant-Y-Ffridd, Wales, United Kingdom","Pant-Y-Ffridd, Wales, United Kingdom · Lead e-Commerce Engineer · Boys and Boden","271",,,"organic",
"How to make the most of the updates headed your way.","https://business.linkedin.com/content/dam/me/business/en-us/talent-solutions-lodestone/body/pdf/LinkedIn_Step_by_Step_Guide_Apr2019_v3.pdf?trk=lts_evrst_ramp_wave3_email_users_t14&MCID=6526172720281972736","Fast, seamless, and smart, the new. Recruiter and Jobs make it easier than ever to build great teams. From viewing your search results and job applicants in one ...Read more","https://business.linkedin.com › en-us › body › pdf",,,,,,,,,,"Jobs make","build","job",,,,,,,,,,,,,"272",,,"organic",
"Soumya Dubey - Vidhi Mitra, The Legal Aid Cell, DNLU ...","https://in.linkedin.com/in/soumya-dubey-0a78b8280","View Soumya Dubey's profile on LinkedIn, a professional community of 1 billion members ... Professional working proficiency. English. Full professional ...Read more","LinkedIn › Soumya Dubey",,,,,,,,,,"profile","LinkedIn","working",,,,,"250+ followers",,,,"Vidhi Mitra, The Legal Aid Cell, DNLU Jabalpur",,"Sagar, Madhya Pradesh, India","Sagar, Madhya Pradesh, India · Vidhi Mitra, The Legal Aid Cell, DNLU Jabalpur","273",,,"organic",
"Bianca Miller - Cole‏ - ‏Chief Storyteller | Personal Brand ...","https://ae.linkedin.com/in/biancamiller","Bianca has been recognised on the Forbes 30 Under 30 list, named a LinkedIn Top 10 Power Profile Leader among 20 million members, alongside ...Read more","LinkedIn › Bianca Miller - Cole",,,,,,,,,,"LinkedIn","Profile",,,,,,"38.5K+ followers",,,,,,,,"274",,,"organic",
"Advanced Recruiting Resources | LinkedIn Talent Solutions","https://business.linkedin.com/talent-solutions/resources/talent-acquisition/advanced-recruiting","Hire faster—and smarter—with these time-saving tips, tools, and templates designed to make every stage of the hiring process more efficient and effective.Read more","https://business.linkedin.com › talent-acquisition › adva...",,,,,,,,,,"make every","process",,,,,,,,,,,,,,"275",,,"organic",
"Avijit Shastri - Independent L&D Professional","https://in.linkedin.com/in/avijitshastri","... profile on LinkedIn, a professional community of 1 billion members ... The process tests the participant's aptitude and leadership behavior. I am ...Read more","LinkedIn › Avijit Shastri",,,,,,,,,,"profile","LinkedIn","process","participant's",,,,"5.2K+ followers",,,,"Own Venture","Independent Professional","Gurugram, Haryana, India","Gurugram, Haryana, India · Independent Professional · Own Venture","276",,,"organic",
"Aanya Goswami - First Year Law Student at School ...","https://in.linkedin.com/in/aanya-goswami","View Aanya Goswami's profile on LinkedIn, a professional community of 1 billion members ... May 2024. All India Topper : History (200/200). Indian School ...Read more","LinkedIn › Aanya Goswami",,,,,,,,,,"profile","LinkedIn","All","History",,,,"140+ followers",,,,,,,,"277",,,"organic",
"Shikha Zutshi Dhar - PropTiger.com","https://in.linkedin.com/in/shikha-zutshi-dhar-73234124","With over 13 years of experience across various HR domains, I am a seasoned HR Manager… · Experience: PropTiger.com · Education: Delhi University ...","LinkedIn › Shikha Zutshi Dhar",,,,,,,,,,,,,,,,,"12.5K+ followers",,,,"PropTiger.com",,"Gurugram, Haryana, India","Gurugram, Haryana, India · PropTiger.com","278",,,"organic",
"How to beat 99% of job applicants with a LinkedIn hack","https://www.linkedin.com/posts/stasbel_you-can-beat-99-of-job-applicants-by-using-activity-7348668307626938369-B2JP","You can beat 99% of job applicants by using this LinkedIn URL hack from Reddit Most professionals waste hours scrolling through week-old ...","LinkedIn › Stanislav Beliaev",,,,,,,,,,"job","LinkedIn URL",,,,,,,,,,,,,,"279",,,"organic",
"Bianca Miller - Cole‏ - ‏Chief Storyteller | Personal Brand ...","https://ae.linkedin.com/in/biancamiller","Bianca has been recognised on the Forbes 30 Under 30 list, named a LinkedIn Top 10 Power Profile Leader among 20 million members, alongside ...Read more","LinkedIn › Bianca Miller - Cole",,,,,,,,,,"LinkedIn","Profile",,,,,,"38.5K+ followers",,,,,,,,"280",,,"organic",
"Getting Started","https://business.linkedin.com/content/dam/business/talent-solutions/global/en_us/c/pdfs/getting-started-with-linkedin_career-pages.pdf","If you have a “Gold Page” you can create a page for each of your audiences ... Ask them to 'like' and 'share' your company updates and add a link to your Career ...Read more","https://business.linkedin.com › dam › en_us › pdfs",,,,,,,,,,"create","each","link","Career",,,,,,,,,,,,"281",,,"organic",
"Recruiter Workflow","https://business.linkedin.com/content/dam/me/business/en-us/talent-solutions/learning-center/tip-sheets/en-us/RecruiterWorkflow.pdf","1. Review the recruiting activities on a profile to learn how your team is engaging with a prospect. 2. Update tags and statuses ...Read more","https://business.linkedin.com › tip-sheets › en-us",,,,,,,,,,"profile",,,,,,,,,,,,,,,"282",,,"organic",
"💼 LinkedIn Hacks: How to Make Your Profile Recruiter-Ready","https://www.linkedin.com/pulse/linkedin-hacks-how-make-your-profile-recruiter-ready-gjeoc","By Info Way Solutions In today's digital-first job market, your LinkedIn profile is your first impression — often before your resume ever ...","LinkedIn › Info Way Solutions",,,,,,,,,,"job","LinkedIn profile",,,,,,,,,,,,,,"283",,,"organic",
"Rohit Kumar - Process Mining","https://in.linkedin.com/in/007rk","... career as a performance evaluation Analyst in the telecom sector and then gradually shifted towards process mining. What did I do? Right now I am working as a ...","LinkedIn › Rohit Kumar",,,,,,,,,,"career","process","working",,,,,"5.2K+ followers",,,,,,,,"284",,,"organic",
"Ravalika Godavari - Talent Acquisition @ Recykal.com | Ex","https://in.linkedin.com/in/ravalika-godavari-a40344153","... profile on LinkedIn, a professional community of 1 billion members ... Career Consultant. Enterprise Softlabs pvt ltd. Jan 2021 - Feb 2022 1 year 2 months.Read more","LinkedIn › Ravalika Godavari",,,,,,,,,,"profile","LinkedIn","Career",,,,,"5.4K+ followers",,,,"Recykal.com","Talent Acquisition Specialist","Hyderabad, Telangana, India","Hyderabad, Telangana, India · Talent Acquisition Specialist · Recykal.com","285",,,"organic",
"15 Expert LinkedIn Strategies to Impress Recruiters and ...","https://www.linkedin.com/pulse/15-expert-linkedin-strategies-impress-recruiters-land-lindsey-pollak","Tell a story in your profile. A LinkedIn profile is not the place for a dry list of past job titles. Your profile is where you show recruiters ...Read more","LinkedIn › Lindsey Pollak",,,,,,,,,,"story","profile","LinkedIn profile","job","profile",,,,,,,,,,,"286",,,"organic",
"Tim Huesken - Devoted Studios","https://ca.linkedin.com/in/shinybluerobot","As a Senior UI/UX Designer, I specialize in creating UI for mobile games or consumer… · Experience: Devoted Studios · Location: Vancouver · 500+ connections ...","LinkedIn › Tim Huesken",,,,,,,,,,"creating",,,,,,,"700+ followers",,,,"Devoted Studios",,"Vancouver, British Columbia, Canada","Vancouver, British Columbia, Canada · Devoted Studios","287",,,"organic",
"Amanda de la Hey - Employability and Skills Tutor ...","https://uk.linkedin.com/in/amanda-de-la-hey-196b5953?trk=pub-pbmap","Employability and Skills Tutor @ PeoplePlus Cymru | Career Development Specialist · With over 25 years of dedication to career empowerment, ...","LinkedIn › Amanda de la Hey",,,,,,,,,,"Career","career",,,,,,"110+ followers",,,,"PeoplePlus Cymru","Employability and Skills Tutor","Greater Swansea Area","Greater Swansea Area · Employability and Skills Tutor · PeoplePlus Cymru","288",,,"organic",
"Candidate Sourcing Strategies That Work","https://www.linkedin.com/top-content/recruitment-hr/candidate-recruitment-steps/candidate-sourcing-strategies-that-work/","✓ Build an internal talent pool > not every “no” is a no forever. ✓ Use digital marketing for job ads > meet candidates where their attention is. ✓ Measure ...Read more","https://www.linkedin.com › candidate-recruitment-steps",,,,,,,,,,"Build","every","job",,,,,,,,,,,,,"289",,,"organic",
"LinkedIn Profile URL Finder Google Sheets Add-On - Tutorial","https://www.youtube.com/watch?v=oWYq2XyV7Rg","... Make each contact count. Key Features - Save Time: Skip the tedious manual search. Accelerate lead enrichment. - Get Accurate Results: Our ...","YouTube › Smacient",,,,,,,,,,,,,,,,,,"2 years ago",,,,,,,"290",,,"organic","2.4K+ views"
"This One Change to Your Website Will Dramatically ...","https://www.linkedin.com/business/talent/blog/talent-acquisition/secret-to-better-interviews","10 Aug 2017 — ... all that much about how they'll perform on the job. So Google struck ... creating a productive and equitable interviewing process. Get ...Read more","https://www.linkedin.com › secret-to-better-interviews",,,"2017-08-10T12:00:00.000Z",,,,,,,"all","job","creating","process",,,,,,,,,,,,"291",,,"organic",
"Alumni Sharing Knowledge: Tips for Maximizing Your ...","https://www.youtube.com/watch?v=vlMk_PlSzrM","Earlham alumna Erika Steffer ('88), Talent Acquisition and Management expert at Egon Zehnder, shares the ins and outs of creating a LinkedIn ...","YouTube",,,,,,,,,,,,,,,,,,"5 years ago",,,,,,,"292",,,"organic","50+ views"
"How LinkedIn Can Bring Recruiters to You - An Early ...","https://www.linkedin.com/pulse/how-linkedin-can-bring-recruiters-you-early-career-users-mitchko","But I show I care about my profile. I put thought and strategy in what it says and the story it tells. As a result, all my interviews in the ...Read more","LinkedIn › Sam Mitchko",,,,,,,,,,"profile","story","all",,,,,,,,,,,,,"293",,,"organic",
"Recruitment Process Improvement Strategies","https://www.linkedin.com/top-content/recruitment-hr/optimizing-recruitment-processes/recruitment-process-improvement-strategies/","These strategies help attract and retain top talent while creating a positive hiring experience for everyone involved. Prioritize recruiter partnership: Include ...Read more","https://www.linkedin.com › top-content › recruitment-hr",,,,,,,,,,"creating",,,,,,,,,,,,,,,"294",,,"organic",
"3 Advanced Tips To Improve Your LinkedIn Experience","https://www.linkedin.com/pulse/3-advanced-tips-improve-your-linkedin-experience-joe-burridge","In this video I briefly explain how you can optimise your behaviour on LinkedIn to make you appear at the top of search results and are noticed by the ...Read more","LinkedIn › Joe Burridge",,,,,,,,,,"LinkedIn","make",,,,,,,,,,,,,,"295",,,"organic",
"How to auto-collect alumni profiles from Linkedin - Linked ...","https://www.youtube.com/watch?v=DociPW4WI_o","Linked Booster can help you to auto-collect alumni profiles for networking. Then auto-invite for new connections on Linkedin!","YouTube › Linked Booster",,,,,,,,,,,,,,,,,,"5 years ago",,,,,,,"296",,,"organic","1.1K+ views"
"Make the Most of Who's Viewing Your LinkedIn Profile with ...","https://www.linkedin.com/blog/member/product/make-the-most-of-whos-viewing-your-profile-with-how-you-rank","21 May 2014 — You can click here to see your rank and get personalized recommendations on how to lift your visibility. how you rank. Whether you're a job ...Read more","https://www.linkedin.com › blog › member › product",,,"2014-05-21T12:00:00.000Z",,,,,,,"job",,,,,,,,,,,,,,,"297",,,"organic",
"Max Atkins - Lead e-Commerce Engineer","https://uk.linkedin.com/in/atkinsmax","Grasping every opportunity to work in computing I was excited to work with the young people at the Academy. I ran a programming club at lunchtimes and ...Read more","LinkedIn › Max Atkins",,,,,,,,,,"every",,,,,,,"480+ followers",,,,"Boys and Boden","Lead e-Commerce Engineer","Pant-Y-Ffridd, Wales, United Kingdom","Pant-Y-Ffridd, Wales, United Kingdom · Lead e-Commerce Engineer · Boys and Boden","298",,,"organic",
